pipeline,resource,organisation,value,entity
listed-building-grade,,,I,700000
listed-building-grade,,,II,700001
listed-building-grade,,,II*,700002
listed-building,,,1,396734
listed-building,72337bced0ee7e6f7ec339822e3ec1a55dbd02729a1df3747308ebdd49905868,,1,396734
listed-building,72337bced0ee7e6f7ec339822e3ec1a55dbd02729a1df3747308ebdd49905868,,2,397035
listed-building,72337bced0ee7e6f7ec339822e3ec1a55dbd02729a1df3747308ebdd49905868,,3,397038
listed-building,72337bced0ee7e6f7ec339822e3ec1a55dbd02729a1df3747308ebdd49905868,,4,397039
listed-building,72337bced0ee7e6f7ec339822e3ec1a55dbd02729a1df3747308ebdd49905868,,5,397040
listed-building,72337bced0ee7e6f7ec339822e3ec1a55dbd02729a1df3747308ebdd49905868,,6,397041
listed-building,72337bced0ee7e6f7ec339822e3ec1a55dbd02729a1df3747308ebdd49905868,,7,397042
listed-building,72337bced0ee7e6f7ec339822e3ec1a55dbd02729a1df3747308ebdd49905868,,8,397043
listed-building,72337bced0ee7e6f7ec339822e3ec1a55dbd02729a1df3747308ebdd49905868,,9,397044
listed-building,72337bced0ee7e6f7ec339822e3ec1a55dbd02729a1df3747308ebdd49905868,,10,397045
listed-building,72337bced0ee7e6f7ec339822e3ec1a55dbd02729a1df3747308ebdd49905868,,11,397046
listed-building,72337bced0ee7e6f7ec339822e3ec1a55dbd02729a1df3747308ebdd49905868,,12,397047
listed-building,72337bced0ee7e6f7ec339822e3ec1a55dbd02729a1df3747308ebdd49905868,,13,397049
listed-building,72337bced0ee7e6f7ec339822e3ec1a55dbd02729a1df3747308ebdd49905868,,14,397050
listed-building,72337bced0ee7e6f7ec339822e3ec1a55dbd02729a1df3747308ebdd49905868,,15,397051
listed-building,72337bced0ee7e6f7ec339822e3ec1a55dbd02729a1df3747308ebdd49905868,,16,396766
listed-building,72337bced0ee7e6f7ec339822e3ec1a55dbd02729a1df3747308ebdd49905868,,17,396769
listed-building,72337bced0ee7e6f7ec339822e3ec1a55dbd02729a1df3747308ebdd49905868,,18,396770
listed-building,72337bced0ee7e6f7ec339822e3ec1a55dbd02729a1df3747308ebdd49905868,,19,396771
listed-building,72337bced0ee7e6f7ec339822e3ec1a55dbd02729a1df3747308ebdd49905868,,20,396772
listed-building,72337bced0ee7e6f7ec339822e3ec1a55dbd02729a1df3747308ebdd49905868,,21,396773
listed-building,72337bced0ee7e6f7ec339822e3ec1a55dbd02729a1df3747308ebdd49905868,,22,396775
listed-building,72337bced0ee7e6f7ec339822e3ec1a55dbd02729a1df3747308ebdd49905868,,23,396776
listed-building,72337bced0ee7e6f7ec339822e3ec1a55dbd02729a1df3747308ebdd49905868,,24,396777
listed-building,72337bced0ee7e6f7ec339822e3ec1a55dbd02729a1df3747308ebdd49905868,,25,396778
listed-building,72337bced0ee7e6f7ec339822e3ec1a55dbd02729a1df3747308ebdd49905868,,26,396779
listed-building,72337bced0ee7e6f7ec339822e3ec1a55dbd02729a1df3747308ebdd49905868,,27,109286
listed-building,72337bced0ee7e6f7ec339822e3ec1a55dbd02729a1df3747308ebdd49905868,,28,396782
listed-building,72337bced0ee7e6f7ec339822e3ec1a55dbd02729a1df3747308ebdd49905868,,29,396784
listed-building,72337bced0ee7e6f7ec339822e3ec1a55dbd02729a1df3747308ebdd49905868,,30,396785
listed-building,72337bced0ee7e6f7ec339822e3ec1a55dbd02729a1df3747308ebdd49905868,,31,396787
listed-building,72337bced0ee7e6f7ec339822e3ec1a55dbd02729a1df3747308ebdd49905868,,32,396788
listed-building,72337bced0ee7e6f7ec339822e3ec1a55dbd02729a1df3747308ebdd49905868,,33,396789
listed-building,72337bced0ee7e6f7ec339822e3ec1a55dbd02729a1df3747308ebdd49905868,,34,396790
listed-building,72337bced0ee7e6f7ec339822e3ec1a55dbd02729a1df3747308ebdd49905868,,35,396792
listed-building,72337bced0ee7e6f7ec339822e3ec1a55dbd02729a1df3747308ebdd49905868,,36,396811
listed-building,72337bced0ee7e6f7ec339822e3ec1a55dbd02729a1df3747308ebdd49905868,,37,
listed-building,72337bced0ee7e6f7ec339822e3ec1a55dbd02729a1df3747308ebdd49905868,,38,397011
listed-building,72337bced0ee7e6f7ec339822e3ec1a55dbd02729a1df3747308ebdd49905868,,39,397012
listed-building,72337bced0ee7e6f7ec339822e3ec1a55dbd02729a1df3747308ebdd49905868,,40,397015
listed-building,72337bced0ee7e6f7ec339822e3ec1a55dbd02729a1df3747308ebdd49905868,,41,289185
listed-building,72337bced0ee7e6f7ec339822e3ec1a55dbd02729a1df3747308ebdd49905868,,42,397018
listed-building,72337bced0ee7e6f7ec339822e3ec1a55dbd02729a1df3747308ebdd49905868,,43,397029
listed-building,72337bced0ee7e6f7ec339822e3ec1a55dbd02729a1df3747308ebdd49905868,,44,397030
listed-building,72337bced0ee7e6f7ec339822e3ec1a55dbd02729a1df3747308ebdd49905868,,45,397031
listed-building,72337bced0ee7e6f7ec339822e3ec1a55dbd02729a1df3747308ebdd49905868,,46,397032
listed-building,72337bced0ee7e6f7ec339822e3ec1a55dbd02729a1df3747308ebdd49905868,,47,397033
listed-building,72337bced0ee7e6f7ec339822e3ec1a55dbd02729a1df3747308ebdd49905868,,48,397034
listed-building,72337bced0ee7e6f7ec339822e3ec1a55dbd02729a1df3747308ebdd49905868,,49,113159
listed-building,72337bced0ee7e6f7ec339822e3ec1a55dbd02729a1df3747308ebdd49905868,,50,113175
listed-building,72337bced0ee7e6f7ec339822e3ec1a55dbd02729a1df3747308ebdd49905868,,51,120862
listed-building,72337bced0ee7e6f7ec339822e3ec1a55dbd02729a1df3747308ebdd49905868,,52,120863
listed-building,72337bced0ee7e6f7ec339822e3ec1a55dbd02729a1df3747308ebdd49905868,,53,120864
listed-building,72337bced0ee7e6f7ec339822e3ec1a55dbd02729a1df3747308ebdd49905868,,54,
listed-building,72337bced0ee7e6f7ec339822e3ec1a55dbd02729a1df3747308ebdd49905868,,55,120870
listed-building,72337bced0ee7e6f7ec339822e3ec1a55dbd02729a1df3747308ebdd49905868,,56,120871
listed-building,72337bced0ee7e6f7ec339822e3ec1a55dbd02729a1df3747308ebdd49905868,,57,120875
listed-building,72337bced0ee7e6f7ec339822e3ec1a55dbd02729a1df3747308ebdd49905868,,58,120877
listed-building,72337bced0ee7e6f7ec339822e3ec1a55dbd02729a1df3747308ebdd49905868,,59,120878
listed-building,72337bced0ee7e6f7ec339822e3ec1a55dbd02729a1df3747308ebdd49905868,,60,120879
listed-building,72337bced0ee7e6f7ec339822e3ec1a55dbd02729a1df3747308ebdd49905868,,61,
listed-building,72337bced0ee7e6f7ec339822e3ec1a55dbd02729a1df3747308ebdd49905868,,62,120881
listed-building,72337bced0ee7e6f7ec339822e3ec1a55dbd02729a1df3747308ebdd49905868,,63,120886
listed-building,72337bced0ee7e6f7ec339822e3ec1a55dbd02729a1df3747308ebdd49905868,,64,120887
listed-building,72337bced0ee7e6f7ec339822e3ec1a55dbd02729a1df3747308ebdd49905868,,65,120888
listed-building,72337bced0ee7e6f7ec339822e3ec1a55dbd02729a1df3747308ebdd49905868,,66,120889
listed-building,72337bced0ee7e6f7ec339822e3ec1a55dbd02729a1df3747308ebdd49905868,,67,120890
listed-building,72337bced0ee7e6f7ec339822e3ec1a55dbd02729a1df3747308ebdd49905868,,68,120891
listed-building,72337bced0ee7e6f7ec339822e3ec1a55dbd02729a1df3747308ebdd49905868,,69,120892
listed-building,72337bced0ee7e6f7ec339822e3ec1a55dbd02729a1df3747308ebdd49905868,,70,120893
listed-building,72337bced0ee7e6f7ec339822e3ec1a55dbd02729a1df3747308ebdd49905868,,71,
listed-building,72337bced0ee7e6f7ec339822e3ec1a55dbd02729a1df3747308ebdd49905868,,72,120896
listed-building,72337bced0ee7e6f7ec339822e3ec1a55dbd02729a1df3747308ebdd49905868,,73,120897
listed-building,72337bced0ee7e6f7ec339822e3ec1a55dbd02729a1df3747308ebdd49905868,,74,120899
listed-building,72337bced0ee7e6f7ec339822e3ec1a55dbd02729a1df3747308ebdd49905868,,75,120900
listed-building,72337bced0ee7e6f7ec339822e3ec1a55dbd02729a1df3747308ebdd49905868,,76,120901
listed-building,72337bced0ee7e6f7ec339822e3ec1a55dbd02729a1df3747308ebdd49905868,,77,120902
listed-building,72337bced0ee7e6f7ec339822e3ec1a55dbd02729a1df3747308ebdd49905868,,78,120904
listed-building,72337bced0ee7e6f7ec339822e3ec1a55dbd02729a1df3747308ebdd49905868,,79,120905
listed-building,72337bced0ee7e6f7ec339822e3ec1a55dbd02729a1df3747308ebdd49905868,,80,120906
listed-building,72337bced0ee7e6f7ec339822e3ec1a55dbd02729a1df3747308ebdd49905868,,81,120907
listed-building,72337bced0ee7e6f7ec339822e3ec1a55dbd02729a1df3747308ebdd49905868,,82,430953
listed-building,72337bced0ee7e6f7ec339822e3ec1a55dbd02729a1df3747308ebdd49905868,,83,430954
listed-building,72337bced0ee7e6f7ec339822e3ec1a55dbd02729a1df3747308ebdd49905868,,84,139517
listed-building,72337bced0ee7e6f7ec339822e3ec1a55dbd02729a1df3747308ebdd49905868,,85,140281
listed-building,72337bced0ee7e6f7ec339822e3ec1a55dbd02729a1df3747308ebdd49905868,,86,140301
listed-building,72337bced0ee7e6f7ec339822e3ec1a55dbd02729a1df3747308ebdd49905868,,87,140320
listed-building,72337bced0ee7e6f7ec339822e3ec1a55dbd02729a1df3747308ebdd49905868,,88,140327
listed-building,72337bced0ee7e6f7ec339822e3ec1a55dbd02729a1df3747308ebdd49905868,,89,140655
listed-building,72337bced0ee7e6f7ec339822e3ec1a55dbd02729a1df3747308ebdd49905868,,90,
listed-building,72337bced0ee7e6f7ec339822e3ec1a55dbd02729a1df3747308ebdd49905868,,91,141011
listed-building,72337bced0ee7e6f7ec339822e3ec1a55dbd02729a1df3747308ebdd49905868,,92,142134
listed-building,72337bced0ee7e6f7ec339822e3ec1a55dbd02729a1df3747308ebdd49905868,,93,142143
listed-building,72337bced0ee7e6f7ec339822e3ec1a55dbd02729a1df3747308ebdd49905868,,94,
listed-building,72337bced0ee7e6f7ec339822e3ec1a55dbd02729a1df3747308ebdd49905868,,95,105550
listed-building,72337bced0ee7e6f7ec339822e3ec1a55dbd02729a1df3747308ebdd49905868,,96,124841
listed-building,72337bced0ee7e6f7ec339822e3ec1a55dbd02729a1df3747308ebdd49905868,,97,124860
listed-building,72337bced0ee7e6f7ec339822e3ec1a55dbd02729a1df3747308ebdd49905868,,98,289158
listed-building,72337bced0ee7e6f7ec339822e3ec1a55dbd02729a1df3747308ebdd49905868,,99,161382
listed-building,72337bced0ee7e6f7ec339822e3ec1a55dbd02729a1df3747308ebdd49905868,,100,161776
listed-building,72337bced0ee7e6f7ec339822e3ec1a55dbd02729a1df3747308ebdd49905868,,101,302880
listed-building,72337bced0ee7e6f7ec339822e3ec1a55dbd02729a1df3747308ebdd49905868,,102,302883
listed-building,72337bced0ee7e6f7ec339822e3ec1a55dbd02729a1df3747308ebdd49905868,,103,302898
listed-building,72337bced0ee7e6f7ec339822e3ec1a55dbd02729a1df3747308ebdd49905868,,104,302967
listed-building,72337bced0ee7e6f7ec339822e3ec1a55dbd02729a1df3747308ebdd49905868,,105,303068
listed-building,72337bced0ee7e6f7ec339822e3ec1a55dbd02729a1df3747308ebdd49905868,,106,303070
listed-building,72337bced0ee7e6f7ec339822e3ec1a55dbd02729a1df3747308ebdd49905868,,107,303071
listed-building,72337bced0ee7e6f7ec339822e3ec1a55dbd02729a1df3747308ebdd49905868,,108,303096
listed-building,72337bced0ee7e6f7ec339822e3ec1a55dbd02729a1df3747308ebdd49905868,,109,338568
listed-building,72337bced0ee7e6f7ec339822e3ec1a55dbd02729a1df3747308ebdd49905868,,110,338575
listed-building,72337bced0ee7e6f7ec339822e3ec1a55dbd02729a1df3747308ebdd49905868,,111,338593
listed-building,72337bced0ee7e6f7ec339822e3ec1a55dbd02729a1df3747308ebdd49905868,,112,338618
listed-building,72337bced0ee7e6f7ec339822e3ec1a55dbd02729a1df3747308ebdd49905868,,113,338686
listed-building,72337bced0ee7e6f7ec339822e3ec1a55dbd02729a1df3747308ebdd49905868,,114,338720
listed-building,72337bced0ee7e6f7ec339822e3ec1a55dbd02729a1df3747308ebdd49905868,,115,338895
listed-building,72337bced0ee7e6f7ec339822e3ec1a55dbd02729a1df3747308ebdd49905868,,116,338928
listed-building,72337bced0ee7e6f7ec339822e3ec1a55dbd02729a1df3747308ebdd49905868,,117,338934
listed-building,72337bced0ee7e6f7ec339822e3ec1a55dbd02729a1df3747308ebdd49905868,,118,338946
listed-building,72337bced0ee7e6f7ec339822e3ec1a55dbd02729a1df3747308ebdd49905868,,119,338952
listed-building,72337bced0ee7e6f7ec339822e3ec1a55dbd02729a1df3747308ebdd49905868,,120,
listed-building,72337bced0ee7e6f7ec339822e3ec1a55dbd02729a1df3747308ebdd49905868,,121,
listed-building,72337bced0ee7e6f7ec339822e3ec1a55dbd02729a1df3747308ebdd49905868,,122,
listed-building,72337bced0ee7e6f7ec339822e3ec1a55dbd02729a1df3747308ebdd49905868,,123,105627
listed-building,72337bced0ee7e6f7ec339822e3ec1a55dbd02729a1df3747308ebdd49905868,,124,
listed-building,72337bced0ee7e6f7ec339822e3ec1a55dbd02729a1df3747308ebdd49905868,,125,
listed-building,72337bced0ee7e6f7ec339822e3ec1a55dbd02729a1df3747308ebdd49905868,,126,
listed-building,72337bced0ee7e6f7ec339822e3ec1a55dbd02729a1df3747308ebdd49905868,,127,105623
listed-building,72337bced0ee7e6f7ec339822e3ec1a55dbd02729a1df3747308ebdd49905868,,128,
listed-building,72337bced0ee7e6f7ec339822e3ec1a55dbd02729a1df3747308ebdd49905868,,129,
listed-building,72337bced0ee7e6f7ec339822e3ec1a55dbd02729a1df3747308ebdd49905868,,130,
listed-building,72337bced0ee7e6f7ec339822e3ec1a55dbd02729a1df3747308ebdd49905868,,131,
listed-building,72337bced0ee7e6f7ec339822e3ec1a55dbd02729a1df3747308ebdd49905868,,132,302585
listed-building,72337bced0ee7e6f7ec339822e3ec1a55dbd02729a1df3747308ebdd49905868,,133,
listed-building,72337bced0ee7e6f7ec339822e3ec1a55dbd02729a1df3747308ebdd49905868,,134,397052
listed-building,72337bced0ee7e6f7ec339822e3ec1a55dbd02729a1df3747308ebdd49905868,,135,396735
listed-building,72337bced0ee7e6f7ec339822e3ec1a55dbd02729a1df3747308ebdd49905868,,136,396736
listed-building,72337bced0ee7e6f7ec339822e3ec1a55dbd02729a1df3747308ebdd49905868,,137,
listed-building,72337bced0ee7e6f7ec339822e3ec1a55dbd02729a1df3747308ebdd49905868,,138,396739
listed-building,72337bced0ee7e6f7ec339822e3ec1a55dbd02729a1df3747308ebdd49905868,,139,396741
listed-building,72337bced0ee7e6f7ec339822e3ec1a55dbd02729a1df3747308ebdd49905868,,140,396742
listed-building,72337bced0ee7e6f7ec339822e3ec1a55dbd02729a1df3747308ebdd49905868,,141,396746
listed-building,72337bced0ee7e6f7ec339822e3ec1a55dbd02729a1df3747308ebdd49905868,,142,396754
listed-building,72337bced0ee7e6f7ec339822e3ec1a55dbd02729a1df3747308ebdd49905868,,143,396755
listed-building,72337bced0ee7e6f7ec339822e3ec1a55dbd02729a1df3747308ebdd49905868,,144,396756
listed-building,72337bced0ee7e6f7ec339822e3ec1a55dbd02729a1df3747308ebdd49905868,,145,105560
listed-building,72337bced0ee7e6f7ec339822e3ec1a55dbd02729a1df3747308ebdd49905868,,146,396758
listed-building,72337bced0ee7e6f7ec339822e3ec1a55dbd02729a1df3747308ebdd49905868,,147,396759
listed-building,72337bced0ee7e6f7ec339822e3ec1a55dbd02729a1df3747308ebdd49905868,,148,396761
listed-building,72337bced0ee7e6f7ec339822e3ec1a55dbd02729a1df3747308ebdd49905868,,149,396762
listed-building,72337bced0ee7e6f7ec339822e3ec1a55dbd02729a1df3747308ebdd49905868,,150,396765
listed-building,72337bced0ee7e6f7ec339822e3ec1a55dbd02729a1df3747308ebdd49905868,,151,
listed-building,72337bced0ee7e6f7ec339822e3ec1a55dbd02729a1df3747308ebdd49905868,,152,
listed-building,72337bced0ee7e6f7ec339822e3ec1a55dbd02729a1df3747308ebdd49905868,,153,
listed-building,72337bced0ee7e6f7ec339822e3ec1a55dbd02729a1df3747308ebdd49905868,,154,225376
listed-building,72337bced0ee7e6f7ec339822e3ec1a55dbd02729a1df3747308ebdd49905868,,155,224397
listed-building,72337bced0ee7e6f7ec339822e3ec1a55dbd02729a1df3747308ebdd49905868,,156,
listed-building,72337bced0ee7e6f7ec339822e3ec1a55dbd02729a1df3747308ebdd49905868,,157,224758
listed-building,72337bced0ee7e6f7ec339822e3ec1a55dbd02729a1df3747308ebdd49905868,,158,224141
listed-building,72337bced0ee7e6f7ec339822e3ec1a55dbd02729a1df3747308ebdd49905868,,159,162228
listed-building,72337bced0ee7e6f7ec339822e3ec1a55dbd02729a1df3747308ebdd49905868,,160,162232
listed-building,72337bced0ee7e6f7ec339822e3ec1a55dbd02729a1df3747308ebdd49905868,,161,162250
listed-building,72337bced0ee7e6f7ec339822e3ec1a55dbd02729a1df3747308ebdd49905868,,162,162865
listed-building,72337bced0ee7e6f7ec339822e3ec1a55dbd02729a1df3747308ebdd49905868,,163,162924
listed-building,72337bced0ee7e6f7ec339822e3ec1a55dbd02729a1df3747308ebdd49905868,,164,163977
listed-building,72337bced0ee7e6f7ec339822e3ec1a55dbd02729a1df3747308ebdd49905868,,165,163987
listed-building,72337bced0ee7e6f7ec339822e3ec1a55dbd02729a1df3747308ebdd49905868,,166,164420
listed-building,72337bced0ee7e6f7ec339822e3ec1a55dbd02729a1df3747308ebdd49905868,,167,72373
listed-building,72337bced0ee7e6f7ec339822e3ec1a55dbd02729a1df3747308ebdd49905868,,168,339577
listed-building,72337bced0ee7e6f7ec339822e3ec1a55dbd02729a1df3747308ebdd49905868,,169,339627
listed-building,72337bced0ee7e6f7ec339822e3ec1a55dbd02729a1df3747308ebdd49905868,,170,
listed-building,72337bced0ee7e6f7ec339822e3ec1a55dbd02729a1df3747308ebdd49905868,,171,
listed-building,72337bced0ee7e6f7ec339822e3ec1a55dbd02729a1df3747308ebdd49905868,,172,
listed-building,72337bced0ee7e6f7ec339822e3ec1a55dbd02729a1df3747308ebdd49905868,,173,121048
listed-building,72337bced0ee7e6f7ec339822e3ec1a55dbd02729a1df3747308ebdd49905868,,174,339678
listed-building,72337bced0ee7e6f7ec339822e3ec1a55dbd02729a1df3747308ebdd49905868,,175,339690
listed-building,72337bced0ee7e6f7ec339822e3ec1a55dbd02729a1df3747308ebdd49905868,,176,339802
listed-building,72337bced0ee7e6f7ec339822e3ec1a55dbd02729a1df3747308ebdd49905868,,177,339825
listed-building,72337bced0ee7e6f7ec339822e3ec1a55dbd02729a1df3747308ebdd49905868,,178,359092
listed-building,72337bced0ee7e6f7ec339822e3ec1a55dbd02729a1df3747308ebdd49905868,,179,359349
listed-building,72337bced0ee7e6f7ec339822e3ec1a55dbd02729a1df3747308ebdd49905868,,180,359382
listed-building,72337bced0ee7e6f7ec339822e3ec1a55dbd02729a1df3747308ebdd49905868,,181,359475
listed-building,72337bced0ee7e6f7ec339822e3ec1a55dbd02729a1df3747308ebdd49905868,,182,359511
listed-building,72337bced0ee7e6f7ec339822e3ec1a55dbd02729a1df3747308ebdd49905868,,183,375883
listed-building,72337bced0ee7e6f7ec339822e3ec1a55dbd02729a1df3747308ebdd49905868,,184,375942
listed-building,72337bced0ee7e6f7ec339822e3ec1a55dbd02729a1df3747308ebdd49905868,,185,375969
listed-building,72337bced0ee7e6f7ec339822e3ec1a55dbd02729a1df3747308ebdd49905868,,186,
listed-building,72337bced0ee7e6f7ec339822e3ec1a55dbd02729a1df3747308ebdd49905868,,187,
listed-building,72337bced0ee7e6f7ec339822e3ec1a55dbd02729a1df3747308ebdd49905868,,188,377467
listed-building,72337bced0ee7e6f7ec339822e3ec1a55dbd02729a1df3747308ebdd49905868,,189,105613
listed-building,72337bced0ee7e6f7ec339822e3ec1a55dbd02729a1df3747308ebdd49905868,,190,377522
listed-building,72337bced0ee7e6f7ec339822e3ec1a55dbd02729a1df3747308ebdd49905868,,191,396715
listed-building,72337bced0ee7e6f7ec339822e3ec1a55dbd02729a1df3747308ebdd49905868,,192,361846
listed-building,72337bced0ee7e6f7ec339822e3ec1a55dbd02729a1df3747308ebdd49905868,,193,362014
listed-building,72337bced0ee7e6f7ec339822e3ec1a55dbd02729a1df3747308ebdd49905868,,194,362193
listed-building,72337bced0ee7e6f7ec339822e3ec1a55dbd02729a1df3747308ebdd49905868,,195,377798
listed-building,72337bced0ee7e6f7ec339822e3ec1a55dbd02729a1df3747308ebdd49905868,,196,385454
listed-building,72337bced0ee7e6f7ec339822e3ec1a55dbd02729a1df3747308ebdd49905868,,197,385467
listed-building,72337bced0ee7e6f7ec339822e3ec1a55dbd02729a1df3747308ebdd49905868,,198,386698
listed-building,72337bced0ee7e6f7ec339822e3ec1a55dbd02729a1df3747308ebdd49905868,,199,387392
listed-building,72337bced0ee7e6f7ec339822e3ec1a55dbd02729a1df3747308ebdd49905868,,200,387976
listed-building,72337bced0ee7e6f7ec339822e3ec1a55dbd02729a1df3747308ebdd49905868,,201,382593
listed-building,72337bced0ee7e6f7ec339822e3ec1a55dbd02729a1df3747308ebdd49905868,,202,289183
listed-building,72337bced0ee7e6f7ec339822e3ec1a55dbd02729a1df3747308ebdd49905868,,203,396698
listed-building,72337bced0ee7e6f7ec339822e3ec1a55dbd02729a1df3747308ebdd49905868,,204,396699
listed-building,72337bced0ee7e6f7ec339822e3ec1a55dbd02729a1df3747308ebdd49905868,,205,396716
listed-building,72337bced0ee7e6f7ec339822e3ec1a55dbd02729a1df3747308ebdd49905868,,206,396717
listed-building,72337bced0ee7e6f7ec339822e3ec1a55dbd02729a1df3747308ebdd49905868,,207,396720
listed-building,72337bced0ee7e6f7ec339822e3ec1a55dbd02729a1df3747308ebdd49905868,,208,396722
listed-building,72337bced0ee7e6f7ec339822e3ec1a55dbd02729a1df3747308ebdd49905868,,209,396723
listed-building,72337bced0ee7e6f7ec339822e3ec1a55dbd02729a1df3747308ebdd49905868,,210,396727
listed-building,72337bced0ee7e6f7ec339822e3ec1a55dbd02729a1df3747308ebdd49905868,,211,396728
listed-building,72337bced0ee7e6f7ec339822e3ec1a55dbd02729a1df3747308ebdd49905868,,212,396729
listed-building,72337bced0ee7e6f7ec339822e3ec1a55dbd02729a1df3747308ebdd49905868,,213,396730
listed-building,72337bced0ee7e6f7ec339822e3ec1a55dbd02729a1df3747308ebdd49905868,,214,396731
listed-building,72337bced0ee7e6f7ec339822e3ec1a55dbd02729a1df3747308ebdd49905868,,215,396732
listed-building,72337bced0ee7e6f7ec339822e3ec1a55dbd02729a1df3747308ebdd49905868,,216,396733
listed-building,72337bced0ee7e6f7ec339822e3ec1a55dbd02729a1df3747308ebdd49905868,,217,
listed-building,72337bced0ee7e6f7ec339822e3ec1a55dbd02729a1df3747308ebdd49905868,,218,
listed-building,72337bced0ee7e6f7ec339822e3ec1a55dbd02729a1df3747308ebdd49905868,,219,
listed-building,72337bced0ee7e6f7ec339822e3ec1a55dbd02729a1df3747308ebdd49905868,,220,
listed-building,72337bced0ee7e6f7ec339822e3ec1a55dbd02729a1df3747308ebdd49905868,,221,
listed-building,72337bced0ee7e6f7ec339822e3ec1a55dbd02729a1df3747308ebdd49905868,,222,
listed-building,72337bced0ee7e6f7ec339822e3ec1a55dbd02729a1df3747308ebdd49905868,,223,
listed-building,72337bced0ee7e6f7ec339822e3ec1a55dbd02729a1df3747308ebdd49905868,,224,397092
listed-building,72337bced0ee7e6f7ec339822e3ec1a55dbd02729a1df3747308ebdd49905868,,225,397093
listed-building,72337bced0ee7e6f7ec339822e3ec1a55dbd02729a1df3747308ebdd49905868,,226,397094
listed-building,72337bced0ee7e6f7ec339822e3ec1a55dbd02729a1df3747308ebdd49905868,,227,
listed-building,72337bced0ee7e6f7ec339822e3ec1a55dbd02729a1df3747308ebdd49905868,,228,397096
listed-building,72337bced0ee7e6f7ec339822e3ec1a55dbd02729a1df3747308ebdd49905868,,229,397097
listed-building,72337bced0ee7e6f7ec339822e3ec1a55dbd02729a1df3747308ebdd49905868,,230,397098
listed-building,72337bced0ee7e6f7ec339822e3ec1a55dbd02729a1df3747308ebdd49905868,,231,397099
listed-building,72337bced0ee7e6f7ec339822e3ec1a55dbd02729a1df3747308ebdd49905868,,232,397100
listed-building,72337bced0ee7e6f7ec339822e3ec1a55dbd02729a1df3747308ebdd49905868,,233,397101
listed-building,72337bced0ee7e6f7ec339822e3ec1a55dbd02729a1df3747308ebdd49905868,,234,
listed-building,72337bced0ee7e6f7ec339822e3ec1a55dbd02729a1df3747308ebdd49905868,,235,397103
listed-building,72337bced0ee7e6f7ec339822e3ec1a55dbd02729a1df3747308ebdd49905868,,236,397105
listed-building,72337bced0ee7e6f7ec339822e3ec1a55dbd02729a1df3747308ebdd49905868,,237,397106
listed-building,72337bced0ee7e6f7ec339822e3ec1a55dbd02729a1df3747308ebdd49905868,,238,397114
listed-building,72337bced0ee7e6f7ec339822e3ec1a55dbd02729a1df3747308ebdd49905868,,239,397118
listed-building,72337bced0ee7e6f7ec339822e3ec1a55dbd02729a1df3747308ebdd49905868,,240,120880
listed-building,72337bced0ee7e6f7ec339822e3ec1a55dbd02729a1df3747308ebdd49905868,,241,156523
listed-building,72337bced0ee7e6f7ec339822e3ec1a55dbd02729a1df3747308ebdd49905868,,242,397122
listed-building,72337bced0ee7e6f7ec339822e3ec1a55dbd02729a1df3747308ebdd49905868,,243,397124
listed-building,72337bced0ee7e6f7ec339822e3ec1a55dbd02729a1df3747308ebdd49905868,,244,397125
listed-building,72337bced0ee7e6f7ec339822e3ec1a55dbd02729a1df3747308ebdd49905868,,245,404460
listed-building,72337bced0ee7e6f7ec339822e3ec1a55dbd02729a1df3747308ebdd49905868,,246,404461
listed-building,72337bced0ee7e6f7ec339822e3ec1a55dbd02729a1df3747308ebdd49905868,,247,414380
listed-building,72337bced0ee7e6f7ec339822e3ec1a55dbd02729a1df3747308ebdd49905868,,248,414381
listed-building,72337bced0ee7e6f7ec339822e3ec1a55dbd02729a1df3747308ebdd49905868,,249,425933
listed-building,72337bced0ee7e6f7ec339822e3ec1a55dbd02729a1df3747308ebdd49905868,,250,418651
listed-building,72337bced0ee7e6f7ec339822e3ec1a55dbd02729a1df3747308ebdd49905868,,251,419031
listed-building,72337bced0ee7e6f7ec339822e3ec1a55dbd02729a1df3747308ebdd49905868,,252,414857
listed-building,72337bced0ee7e6f7ec339822e3ec1a55dbd02729a1df3747308ebdd49905868,,253,302633
listed-building,72337bced0ee7e6f7ec339822e3ec1a55dbd02729a1df3747308ebdd49905868,,254,429154
listed-building,72337bced0ee7e6f7ec339822e3ec1a55dbd02729a1df3747308ebdd49905868,,255,302899
listed-building,72337bced0ee7e6f7ec339822e3ec1a55dbd02729a1df3747308ebdd49905868,,256,
listed-building,72337bced0ee7e6f7ec339822e3ec1a55dbd02729a1df3747308ebdd49905868,,257,
listed-building,72337bced0ee7e6f7ec339822e3ec1a55dbd02729a1df3747308ebdd49905868,,258,
listed-building,72337bced0ee7e6f7ec339822e3ec1a55dbd02729a1df3747308ebdd49905868,,259,339030
listed-building,72337bced0ee7e6f7ec339822e3ec1a55dbd02729a1df3747308ebdd49905868,,260,339058
listed-building,72337bced0ee7e6f7ec339822e3ec1a55dbd02729a1df3747308ebdd49905868,,261,
listed-building,72337bced0ee7e6f7ec339822e3ec1a55dbd02729a1df3747308ebdd49905868,,262,
listed-building,72337bced0ee7e6f7ec339822e3ec1a55dbd02729a1df3747308ebdd49905868,,263,339774
listed-building,72337bced0ee7e6f7ec339822e3ec1a55dbd02729a1df3747308ebdd49905868,,264,
listed-building,72337bced0ee7e6f7ec339822e3ec1a55dbd02729a1df3747308ebdd49905868,,265,
listed-building,72337bced0ee7e6f7ec339822e3ec1a55dbd02729a1df3747308ebdd49905868,,266,
listed-building,72337bced0ee7e6f7ec339822e3ec1a55dbd02729a1df3747308ebdd49905868,,267,
listed-building,72337bced0ee7e6f7ec339822e3ec1a55dbd02729a1df3747308ebdd49905868,,268,
listed-building,72337bced0ee7e6f7ec339822e3ec1a55dbd02729a1df3747308ebdd49905868,,269,
listed-building,72337bced0ee7e6f7ec339822e3ec1a55dbd02729a1df3747308ebdd49905868,,270,362755
listed-building,72337bced0ee7e6f7ec339822e3ec1a55dbd02729a1df3747308ebdd49905868,,271,
listed-building,72337bced0ee7e6f7ec339822e3ec1a55dbd02729a1df3747308ebdd49905868,,272,
listed-building,72337bced0ee7e6f7ec339822e3ec1a55dbd02729a1df3747308ebdd49905868,,273,
listed-building,72337bced0ee7e6f7ec339822e3ec1a55dbd02729a1df3747308ebdd49905868,,274,
listed-building,72337bced0ee7e6f7ec339822e3ec1a55dbd02729a1df3747308ebdd49905868,,275,
listed-building,72337bced0ee7e6f7ec339822e3ec1a55dbd02729a1df3747308ebdd49905868,,276,
listed-building,72337bced0ee7e6f7ec339822e3ec1a55dbd02729a1df3747308ebdd49905868,,277,
listed-building,72337bced0ee7e6f7ec339822e3ec1a55dbd02729a1df3747308ebdd49905868,,278,
listed-building,72337bced0ee7e6f7ec339822e3ec1a55dbd02729a1df3747308ebdd49905868,,279,
listed-building,72337bced0ee7e6f7ec339822e3ec1a55dbd02729a1df3747308ebdd49905868,,280,
listed-building,72337bced0ee7e6f7ec339822e3ec1a55dbd02729a1df3747308ebdd49905868,,281,
listed-building,72337bced0ee7e6f7ec339822e3ec1a55dbd02729a1df3747308ebdd49905868,,282,
listed-building,72337bced0ee7e6f7ec339822e3ec1a55dbd02729a1df3747308ebdd49905868,,283,
listed-building,72337bced0ee7e6f7ec339822e3ec1a55dbd02729a1df3747308ebdd49905868,,284,
listed-building,72337bced0ee7e6f7ec339822e3ec1a55dbd02729a1df3747308ebdd49905868,,285,
listed-building,72337bced0ee7e6f7ec339822e3ec1a55dbd02729a1df3747308ebdd49905868,,286,
listed-building,72337bced0ee7e6f7ec339822e3ec1a55dbd02729a1df3747308ebdd49905868,,287,
listed-building,72337bced0ee7e6f7ec339822e3ec1a55dbd02729a1df3747308ebdd49905868,,288,
listed-building,72337bced0ee7e6f7ec339822e3ec1a55dbd02729a1df3747308ebdd49905868,,289,
listed-building,72337bced0ee7e6f7ec339822e3ec1a55dbd02729a1df3747308ebdd49905868,,290,359462
listed-building,72337bced0ee7e6f7ec339822e3ec1a55dbd02729a1df3747308ebdd49905868,,291,375879
listed-building,72337bced0ee7e6f7ec339822e3ec1a55dbd02729a1df3747308ebdd49905868,,292,
listed-building,72337bced0ee7e6f7ec339822e3ec1a55dbd02729a1df3747308ebdd49905868,,293,
listed-building,72337bced0ee7e6f7ec339822e3ec1a55dbd02729a1df3747308ebdd49905868,,294,397057
listed-building,72337bced0ee7e6f7ec339822e3ec1a55dbd02729a1df3747308ebdd49905868,,295,
listed-building,72337bced0ee7e6f7ec339822e3ec1a55dbd02729a1df3747308ebdd49905868,,296,397080
listed-building,72337bced0ee7e6f7ec339822e3ec1a55dbd02729a1df3747308ebdd49905868,,297,397087
listed-building,72337bced0ee7e6f7ec339822e3ec1a55dbd02729a1df3747308ebdd49905868,,298,
listed-building,72337bced0ee7e6f7ec339822e3ec1a55dbd02729a1df3747308ebdd49905868,,299,
listed-building,72337bced0ee7e6f7ec339822e3ec1a55dbd02729a1df3747308ebdd49905868,,300,
listed-building,72337bced0ee7e6f7ec339822e3ec1a55dbd02729a1df3747308ebdd49905868,,301,
listed-building,72337bced0ee7e6f7ec339822e3ec1a55dbd02729a1df3747308ebdd49905868,,302,
listed-building,72337bced0ee7e6f7ec339822e3ec1a55dbd02729a1df3747308ebdd49905868,,303,397126
listed-building,72337bced0ee7e6f7ec339822e3ec1a55dbd02729a1df3747308ebdd49905868,,304,
listed-building,72337bced0ee7e6f7ec339822e3ec1a55dbd02729a1df3747308ebdd49905868,,305,
listed-building,72337bced0ee7e6f7ec339822e3ec1a55dbd02729a1df3747308ebdd49905868,,306,105681
listed-building,72337bced0ee7e6f7ec339822e3ec1a55dbd02729a1df3747308ebdd49905868,,307,105682
listed-building,72337bced0ee7e6f7ec339822e3ec1a55dbd02729a1df3747308ebdd49905868,,308,105684
listed-building,72337bced0ee7e6f7ec339822e3ec1a55dbd02729a1df3747308ebdd49905868,,309,109225
listed-building,72337bced0ee7e6f7ec339822e3ec1a55dbd02729a1df3747308ebdd49905868,,310,
listed-building,72337bced0ee7e6f7ec339822e3ec1a55dbd02729a1df3747308ebdd49905868,,311,109309
listed-building,72337bced0ee7e6f7ec339822e3ec1a55dbd02729a1df3747308ebdd49905868,,312,
listed-building,72337bced0ee7e6f7ec339822e3ec1a55dbd02729a1df3747308ebdd49905868,,313,109389
listed-building,72337bced0ee7e6f7ec339822e3ec1a55dbd02729a1df3747308ebdd49905868,,314,136422
listed-building,72337bced0ee7e6f7ec339822e3ec1a55dbd02729a1df3747308ebdd49905868,,315,105595
listed-building,72337bced0ee7e6f7ec339822e3ec1a55dbd02729a1df3747308ebdd49905868,,316,397053
listed-building,72337bced0ee7e6f7ec339822e3ec1a55dbd02729a1df3747308ebdd49905868,,317,397014
listed-building,72337bced0ee7e6f7ec339822e3ec1a55dbd02729a1df3747308ebdd49905868,,318,
listed-building,72337bced0ee7e6f7ec339822e3ec1a55dbd02729a1df3747308ebdd49905868,,319,396768
listed-building,72337bced0ee7e6f7ec339822e3ec1a55dbd02729a1df3747308ebdd49905868,,320,396760
listed-building,72337bced0ee7e6f7ec339822e3ec1a55dbd02729a1df3747308ebdd49905868,,321,120983
listed-building,72337bced0ee7e6f7ec339822e3ec1a55dbd02729a1df3747308ebdd49905868,,322,
listed-building,72337bced0ee7e6f7ec339822e3ec1a55dbd02729a1df3747308ebdd49905868,,323,415453
listed-building,72337bced0ee7e6f7ec339822e3ec1a55dbd02729a1df3747308ebdd49905868,,324,424558
listed-building,72337bced0ee7e6f7ec339822e3ec1a55dbd02729a1df3747308ebdd49905868,,325,425959
listed-building,72337bced0ee7e6f7ec339822e3ec1a55dbd02729a1df3747308ebdd49905868,,326,
listed-building,72337bced0ee7e6f7ec339822e3ec1a55dbd02729a1df3747308ebdd49905868,,327,429801
listed-building,72337bced0ee7e6f7ec339822e3ec1a55dbd02729a1df3747308ebdd49905868,,328,429415
listed-building,72337bced0ee7e6f7ec339822e3ec1a55dbd02729a1df3747308ebdd49905868,,329,429399
listed-building,72337bced0ee7e6f7ec339822e3ec1a55dbd02729a1df3747308ebdd49905868,,330,429158
listed-building,72337bced0ee7e6f7ec339822e3ec1a55dbd02729a1df3747308ebdd49905868,,331,429153
listed-building,72337bced0ee7e6f7ec339822e3ec1a55dbd02729a1df3747308ebdd49905868,,332,428085
listed-building,72337bced0ee7e6f7ec339822e3ec1a55dbd02729a1df3747308ebdd49905868,,333,425960
listed-building,72337bced0ee7e6f7ec339822e3ec1a55dbd02729a1df3747308ebdd49905868,,334,425961
listed-building,72337bced0ee7e6f7ec339822e3ec1a55dbd02729a1df3747308ebdd49905868,,335,425963
listed-building,72337bced0ee7e6f7ec339822e3ec1a55dbd02729a1df3747308ebdd49905868,,336,425958
listed-building,72337bced0ee7e6f7ec339822e3ec1a55dbd02729a1df3747308ebdd49905868,,337,398372
listed-building,72337bced0ee7e6f7ec339822e3ec1a55dbd02729a1df3747308ebdd49905868,,338,398366
listed-building,72337bced0ee7e6f7ec339822e3ec1a55dbd02729a1df3747308ebdd49905868,,339,
listed-building,72337bced0ee7e6f7ec339822e3ec1a55dbd02729a1df3747308ebdd49905868,,340,396763
listed-building,72337bced0ee7e6f7ec339822e3ec1a55dbd02729a1df3747308ebdd49905868,,341,397054
listed-building,72337bced0ee7e6f7ec339822e3ec1a55dbd02729a1df3747308ebdd49905868,,342,
listed-building,72337bced0ee7e6f7ec339822e3ec1a55dbd02729a1df3747308ebdd49905868,,343,339325
listed-building,72337bced0ee7e6f7ec339822e3ec1a55dbd02729a1df3747308ebdd49905868,,344,396786
listed-building,72337bced0ee7e6f7ec339822e3ec1a55dbd02729a1df3747308ebdd49905868,,345,
listed-building,72337bced0ee7e6f7ec339822e3ec1a55dbd02729a1df3747308ebdd49905868,,346,
listed-building,72337bced0ee7e6f7ec339822e3ec1a55dbd02729a1df3747308ebdd49905868,,347,
listed-building,72337bced0ee7e6f7ec339822e3ec1a55dbd02729a1df3747308ebdd49905868,,348,395037
listed-building,72337bced0ee7e6f7ec339822e3ec1a55dbd02729a1df3747308ebdd49905868,,349,396764
listed-building,72337bced0ee7e6f7ec339822e3ec1a55dbd02729a1df3747308ebdd49905868,,350,105594
listed-building,72337bced0ee7e6f7ec339822e3ec1a55dbd02729a1df3747308ebdd49905868,,351,
listed-building,72337bced0ee7e6f7ec339822e3ec1a55dbd02729a1df3747308ebdd49905868,,352,
listed-building,72337bced0ee7e6f7ec339822e3ec1a55dbd02729a1df3747308ebdd49905868,,353,105598
listed-building,72337bced0ee7e6f7ec339822e3ec1a55dbd02729a1df3747308ebdd49905868,,354,105600
listed-building,72337bced0ee7e6f7ec339822e3ec1a55dbd02729a1df3747308ebdd49905868,,355,105601
listed-building,72337bced0ee7e6f7ec339822e3ec1a55dbd02729a1df3747308ebdd49905868,,356,105602
listed-building,72337bced0ee7e6f7ec339822e3ec1a55dbd02729a1df3747308ebdd49905868,,357,105603
listed-building,72337bced0ee7e6f7ec339822e3ec1a55dbd02729a1df3747308ebdd49905868,,358,105604
listed-building,72337bced0ee7e6f7ec339822e3ec1a55dbd02729a1df3747308ebdd49905868,,359,105605
listed-building,72337bced0ee7e6f7ec339822e3ec1a55dbd02729a1df3747308ebdd49905868,,360,105607
listed-building,72337bced0ee7e6f7ec339822e3ec1a55dbd02729a1df3747308ebdd49905868,,361,
listed-building,72337bced0ee7e6f7ec339822e3ec1a55dbd02729a1df3747308ebdd49905868,,362,105610
listed-building,72337bced0ee7e6f7ec339822e3ec1a55dbd02729a1df3747308ebdd49905868,,363,
listed-building,72337bced0ee7e6f7ec339822e3ec1a55dbd02729a1df3747308ebdd49905868,,364,105609
listed-building,72337bced0ee7e6f7ec339822e3ec1a55dbd02729a1df3747308ebdd49905868,,365,105612
listed-building,72337bced0ee7e6f7ec339822e3ec1a55dbd02729a1df3747308ebdd49905868,,366,105614
listed-building,72337bced0ee7e6f7ec339822e3ec1a55dbd02729a1df3747308ebdd49905868,,367,105615
listed-building,72337bced0ee7e6f7ec339822e3ec1a55dbd02729a1df3747308ebdd49905868,,368,105617
listed-building,72337bced0ee7e6f7ec339822e3ec1a55dbd02729a1df3747308ebdd49905868,,369,
listed-building,72337bced0ee7e6f7ec339822e3ec1a55dbd02729a1df3747308ebdd49905868,,370,105625
listed-building,72337bced0ee7e6f7ec339822e3ec1a55dbd02729a1df3747308ebdd49905868,,371,105633
listed-building,72337bced0ee7e6f7ec339822e3ec1a55dbd02729a1df3747308ebdd49905868,,372,105635
listed-building,72337bced0ee7e6f7ec339822e3ec1a55dbd02729a1df3747308ebdd49905868,,373,105636
listed-building,72337bced0ee7e6f7ec339822e3ec1a55dbd02729a1df3747308ebdd49905868,,374,105638
listed-building,72337bced0ee7e6f7ec339822e3ec1a55dbd02729a1df3747308ebdd49905868,,375,105639
listed-building,72337bced0ee7e6f7ec339822e3ec1a55dbd02729a1df3747308ebdd49905868,,376,105640
listed-building,72337bced0ee7e6f7ec339822e3ec1a55dbd02729a1df3747308ebdd49905868,,377,105641
listed-building,72337bced0ee7e6f7ec339822e3ec1a55dbd02729a1df3747308ebdd49905868,,378,105597
listed-building,72337bced0ee7e6f7ec339822e3ec1a55dbd02729a1df3747308ebdd49905868,,379,105643
listed-building,72337bced0ee7e6f7ec339822e3ec1a55dbd02729a1df3747308ebdd49905868,,380,105644
listed-building,72337bced0ee7e6f7ec339822e3ec1a55dbd02729a1df3747308ebdd49905868,,381,105645
listed-building,72337bced0ee7e6f7ec339822e3ec1a55dbd02729a1df3747308ebdd49905868,,382,105647
listed-building,72337bced0ee7e6f7ec339822e3ec1a55dbd02729a1df3747308ebdd49905868,,383,105648
listed-building,72337bced0ee7e6f7ec339822e3ec1a55dbd02729a1df3747308ebdd49905868,,384,105649
listed-building,72337bced0ee7e6f7ec339822e3ec1a55dbd02729a1df3747308ebdd49905868,,385,
listed-building,72337bced0ee7e6f7ec339822e3ec1a55dbd02729a1df3747308ebdd49905868,,386,105662
listed-building,72337bced0ee7e6f7ec339822e3ec1a55dbd02729a1df3747308ebdd49905868,,387,105663
listed-building,72337bced0ee7e6f7ec339822e3ec1a55dbd02729a1df3747308ebdd49905868,,388,105664
listed-building,72337bced0ee7e6f7ec339822e3ec1a55dbd02729a1df3747308ebdd49905868,,389,105665
listed-building,72337bced0ee7e6f7ec339822e3ec1a55dbd02729a1df3747308ebdd49905868,,390,105666
listed-building,72337bced0ee7e6f7ec339822e3ec1a55dbd02729a1df3747308ebdd49905868,,391,105667
listed-building,72337bced0ee7e6f7ec339822e3ec1a55dbd02729a1df3747308ebdd49905868,,392,105668
listed-building,72337bced0ee7e6f7ec339822e3ec1a55dbd02729a1df3747308ebdd49905868,,393,105669
listed-building,72337bced0ee7e6f7ec339822e3ec1a55dbd02729a1df3747308ebdd49905868,,394,105670
listed-building,72337bced0ee7e6f7ec339822e3ec1a55dbd02729a1df3747308ebdd49905868,,395,105671
listed-building,72337bced0ee7e6f7ec339822e3ec1a55dbd02729a1df3747308ebdd49905868,,396,105672
listed-building,72337bced0ee7e6f7ec339822e3ec1a55dbd02729a1df3747308ebdd49905868,,397,105675
listed-building,72337bced0ee7e6f7ec339822e3ec1a55dbd02729a1df3747308ebdd49905868,,398,105676
listed-building,72337bced0ee7e6f7ec339822e3ec1a55dbd02729a1df3747308ebdd49905868,,399,
listed-building,72337bced0ee7e6f7ec339822e3ec1a55dbd02729a1df3747308ebdd49905868,,400,
listed-building,72337bced0ee7e6f7ec339822e3ec1a55dbd02729a1df3747308ebdd49905868,,401,105678
listed-building,72337bced0ee7e6f7ec339822e3ec1a55dbd02729a1df3747308ebdd49905868,,402,105679
listed-building,72337bced0ee7e6f7ec339822e3ec1a55dbd02729a1df3747308ebdd49905868,,403,105680
listed-building,72337bced0ee7e6f7ec339822e3ec1a55dbd02729a1df3747308ebdd49905868,,404,397056
listed-building,72337bced0ee7e6f7ec339822e3ec1a55dbd02729a1df3747308ebdd49905868,,405,397059
listed-building,72337bced0ee7e6f7ec339822e3ec1a55dbd02729a1df3747308ebdd49905868,,406,397060
listed-building,72337bced0ee7e6f7ec339822e3ec1a55dbd02729a1df3747308ebdd49905868,,407,397062
listed-building,72337bced0ee7e6f7ec339822e3ec1a55dbd02729a1df3747308ebdd49905868,,408,397061
listed-building,72337bced0ee7e6f7ec339822e3ec1a55dbd02729a1df3747308ebdd49905868,,409,397063
listed-building,72337bced0ee7e6f7ec339822e3ec1a55dbd02729a1df3747308ebdd49905868,,410,397064
listed-building,72337bced0ee7e6f7ec339822e3ec1a55dbd02729a1df3747308ebdd49905868,,411,397065
listed-building,72337bced0ee7e6f7ec339822e3ec1a55dbd02729a1df3747308ebdd49905868,,412,397066
listed-building,72337bced0ee7e6f7ec339822e3ec1a55dbd02729a1df3747308ebdd49905868,,413,397067
listed-building,72337bced0ee7e6f7ec339822e3ec1a55dbd02729a1df3747308ebdd49905868,,414,397068
listed-building,72337bced0ee7e6f7ec339822e3ec1a55dbd02729a1df3747308ebdd49905868,,415,397069
listed-building,72337bced0ee7e6f7ec339822e3ec1a55dbd02729a1df3747308ebdd49905868,,416,397072
listed-building,72337bced0ee7e6f7ec339822e3ec1a55dbd02729a1df3747308ebdd49905868,,417,397073
listed-building,72337bced0ee7e6f7ec339822e3ec1a55dbd02729a1df3747308ebdd49905868,,418,
listed-building,72337bced0ee7e6f7ec339822e3ec1a55dbd02729a1df3747308ebdd49905868,,419,397075
listed-building,72337bced0ee7e6f7ec339822e3ec1a55dbd02729a1df3747308ebdd49905868,,420,397076
listed-building,72337bced0ee7e6f7ec339822e3ec1a55dbd02729a1df3747308ebdd49905868,,421,397077
listed-building,72337bced0ee7e6f7ec339822e3ec1a55dbd02729a1df3747308ebdd49905868,,422,397078
listed-building,72337bced0ee7e6f7ec339822e3ec1a55dbd02729a1df3747308ebdd49905868,,423,397079
listed-building,72337bced0ee7e6f7ec339822e3ec1a55dbd02729a1df3747308ebdd49905868,,424,397081
listed-building,72337bced0ee7e6f7ec339822e3ec1a55dbd02729a1df3747308ebdd49905868,,425,397082
listed-building,72337bced0ee7e6f7ec339822e3ec1a55dbd02729a1df3747308ebdd49905868,,426,397084
listed-building,72337bced0ee7e6f7ec339822e3ec1a55dbd02729a1df3747308ebdd49905868,,427,397085
listed-building,72337bced0ee7e6f7ec339822e3ec1a55dbd02729a1df3747308ebdd49905868,,428,397086
listed-building,72337bced0ee7e6f7ec339822e3ec1a55dbd02729a1df3747308ebdd49905868,,429,397088
listed-building,72337bced0ee7e6f7ec339822e3ec1a55dbd02729a1df3747308ebdd49905868,,430,397089
listed-building,72337bced0ee7e6f7ec339822e3ec1a55dbd02729a1df3747308ebdd49905868,,431,397090
listed-building,72337bced0ee7e6f7ec339822e3ec1a55dbd02729a1df3747308ebdd49905868,,432,339115
listed-building,72337bced0ee7e6f7ec339822e3ec1a55dbd02729a1df3747308ebdd49905868,,433,339152
listed-building,72337bced0ee7e6f7ec339822e3ec1a55dbd02729a1df3747308ebdd49905868,,434,339157
listed-building,72337bced0ee7e6f7ec339822e3ec1a55dbd02729a1df3747308ebdd49905868,,435,339274
listed-building,72337bced0ee7e6f7ec339822e3ec1a55dbd02729a1df3747308ebdd49905868,,436,339283
listed-building,72337bced0ee7e6f7ec339822e3ec1a55dbd02729a1df3747308ebdd49905868,,437,339301
listed-building,72337bced0ee7e6f7ec339822e3ec1a55dbd02729a1df3747308ebdd49905868,,438,339342
listed-building,72337bced0ee7e6f7ec339822e3ec1a55dbd02729a1df3747308ebdd49905868,,439,339437
listed-building,72337bced0ee7e6f7ec339822e3ec1a55dbd02729a1df3747308ebdd49905868,,440,339547
listed-building,72337bced0ee7e6f7ec339822e3ec1a55dbd02729a1df3747308ebdd49905868,,441,105629
listed-building,72337bced0ee7e6f7ec339822e3ec1a55dbd02729a1df3747308ebdd49905868,,442,
listed-building,72337bced0ee7e6f7ec339822e3ec1a55dbd02729a1df3747308ebdd49905868,,443,
listed-building,72337bced0ee7e6f7ec339822e3ec1a55dbd02729a1df3747308ebdd49905868,,444,
listed-building,72337bced0ee7e6f7ec339822e3ec1a55dbd02729a1df3747308ebdd49905868,,445,105652
listed-building,72337bced0ee7e6f7ec339822e3ec1a55dbd02729a1df3747308ebdd49905868,,446,
listed-building,72337bced0ee7e6f7ec339822e3ec1a55dbd02729a1df3747308ebdd49905868,,447,
listed-building,72337bced0ee7e6f7ec339822e3ec1a55dbd02729a1df3747308ebdd49905868,,448,
listed-building,72337bced0ee7e6f7ec339822e3ec1a55dbd02729a1df3747308ebdd49905868,,449,
listed-building,72337bced0ee7e6f7ec339822e3ec1a55dbd02729a1df3747308ebdd49905868,,450,
listed-building,72337bced0ee7e6f7ec339822e3ec1a55dbd02729a1df3747308ebdd49905868,,451,
listed-building,72337bced0ee7e6f7ec339822e3ec1a55dbd02729a1df3747308ebdd49905868,,452,
listed-building,72337bced0ee7e6f7ec339822e3ec1a55dbd02729a1df3747308ebdd49905868,,453,
listed-building,72337bced0ee7e6f7ec339822e3ec1a55dbd02729a1df3747308ebdd49905868,,454,
listed-building,72337bced0ee7e6f7ec339822e3ec1a55dbd02729a1df3747308ebdd49905868,,455,
listed-building,72337bced0ee7e6f7ec339822e3ec1a55dbd02729a1df3747308ebdd49905868,,456,
listed-building,72337bced0ee7e6f7ec339822e3ec1a55dbd02729a1df3747308ebdd49905868,,457,
listed-building,72337bced0ee7e6f7ec339822e3ec1a55dbd02729a1df3747308ebdd49905868,,458,
listed-building,72337bced0ee7e6f7ec339822e3ec1a55dbd02729a1df3747308ebdd49905868,,459,120930
listed-building,72337bced0ee7e6f7ec339822e3ec1a55dbd02729a1df3747308ebdd49905868,,460,120932
listed-building,72337bced0ee7e6f7ec339822e3ec1a55dbd02729a1df3747308ebdd49905868,,461,
listed-building,72337bced0ee7e6f7ec339822e3ec1a55dbd02729a1df3747308ebdd49905868,,462,120934
listed-building,72337bced0ee7e6f7ec339822e3ec1a55dbd02729a1df3747308ebdd49905868,,463,120935
listed-building,72337bced0ee7e6f7ec339822e3ec1a55dbd02729a1df3747308ebdd49905868,,464,120936
listed-building,72337bced0ee7e6f7ec339822e3ec1a55dbd02729a1df3747308ebdd49905868,,465,120937
listed-building,72337bced0ee7e6f7ec339822e3ec1a55dbd02729a1df3747308ebdd49905868,,466,120938
listed-building,72337bced0ee7e6f7ec339822e3ec1a55dbd02729a1df3747308ebdd49905868,,467,120939
listed-building,72337bced0ee7e6f7ec339822e3ec1a55dbd02729a1df3747308ebdd49905868,,468,120940
listed-building,72337bced0ee7e6f7ec339822e3ec1a55dbd02729a1df3747308ebdd49905868,,469,120941
listed-building,72337bced0ee7e6f7ec339822e3ec1a55dbd02729a1df3747308ebdd49905868,,470,120942
listed-building,72337bced0ee7e6f7ec339822e3ec1a55dbd02729a1df3747308ebdd49905868,,471,120943
listed-building,72337bced0ee7e6f7ec339822e3ec1a55dbd02729a1df3747308ebdd49905868,,472,120945
listed-building,72337bced0ee7e6f7ec339822e3ec1a55dbd02729a1df3747308ebdd49905868,,473,120947
listed-building,72337bced0ee7e6f7ec339822e3ec1a55dbd02729a1df3747308ebdd49905868,,474,120948
listed-building,72337bced0ee7e6f7ec339822e3ec1a55dbd02729a1df3747308ebdd49905868,,475,120949
listed-building,72337bced0ee7e6f7ec339822e3ec1a55dbd02729a1df3747308ebdd49905868,,476,120950
listed-building,72337bced0ee7e6f7ec339822e3ec1a55dbd02729a1df3747308ebdd49905868,,477,120951
listed-building,72337bced0ee7e6f7ec339822e3ec1a55dbd02729a1df3747308ebdd49905868,,478,120952
listed-building,72337bced0ee7e6f7ec339822e3ec1a55dbd02729a1df3747308ebdd49905868,,479,120953
listed-building,72337bced0ee7e6f7ec339822e3ec1a55dbd02729a1df3747308ebdd49905868,,480,120954
listed-building,72337bced0ee7e6f7ec339822e3ec1a55dbd02729a1df3747308ebdd49905868,,481,120955
listed-building,72337bced0ee7e6f7ec339822e3ec1a55dbd02729a1df3747308ebdd49905868,,482,120957
listed-building,72337bced0ee7e6f7ec339822e3ec1a55dbd02729a1df3747308ebdd49905868,,483,120958
listed-building,72337bced0ee7e6f7ec339822e3ec1a55dbd02729a1df3747308ebdd49905868,,484,120959
listed-building,72337bced0ee7e6f7ec339822e3ec1a55dbd02729a1df3747308ebdd49905868,,485,120960
listed-building,72337bced0ee7e6f7ec339822e3ec1a55dbd02729a1df3747308ebdd49905868,,486,120961
listed-building,72337bced0ee7e6f7ec339822e3ec1a55dbd02729a1df3747308ebdd49905868,,487,120962
listed-building,72337bced0ee7e6f7ec339822e3ec1a55dbd02729a1df3747308ebdd49905868,,488,120963
listed-building,72337bced0ee7e6f7ec339822e3ec1a55dbd02729a1df3747308ebdd49905868,,489,120964
listed-building,72337bced0ee7e6f7ec339822e3ec1a55dbd02729a1df3747308ebdd49905868,,490,120965
listed-building,72337bced0ee7e6f7ec339822e3ec1a55dbd02729a1df3747308ebdd49905868,,491,120966
listed-building,72337bced0ee7e6f7ec339822e3ec1a55dbd02729a1df3747308ebdd49905868,,492,120968
listed-building,72337bced0ee7e6f7ec339822e3ec1a55dbd02729a1df3747308ebdd49905868,,493,120969
listed-building,72337bced0ee7e6f7ec339822e3ec1a55dbd02729a1df3747308ebdd49905868,,494,120970
listed-building,72337bced0ee7e6f7ec339822e3ec1a55dbd02729a1df3747308ebdd49905868,,495,120971
listed-building,72337bced0ee7e6f7ec339822e3ec1a55dbd02729a1df3747308ebdd49905868,,496,120972
listed-building,72337bced0ee7e6f7ec339822e3ec1a55dbd02729a1df3747308ebdd49905868,,497,120973
listed-building,72337bced0ee7e6f7ec339822e3ec1a55dbd02729a1df3747308ebdd49905868,,498,120974
listed-building,72337bced0ee7e6f7ec339822e3ec1a55dbd02729a1df3747308ebdd49905868,,499,120975
listed-building,72337bced0ee7e6f7ec339822e3ec1a55dbd02729a1df3747308ebdd49905868,,500,120976
listed-building,72337bced0ee7e6f7ec339822e3ec1a55dbd02729a1df3747308ebdd49905868,,501,
listed-building,72337bced0ee7e6f7ec339822e3ec1a55dbd02729a1df3747308ebdd49905868,,502,120903
listed-building,72337bced0ee7e6f7ec339822e3ec1a55dbd02729a1df3747308ebdd49905868,,503,120981
listed-building,72337bced0ee7e6f7ec339822e3ec1a55dbd02729a1df3747308ebdd49905868,,504,120982
listed-building,72337bced0ee7e6f7ec339822e3ec1a55dbd02729a1df3747308ebdd49905868,,505,120978
listed-building,72337bced0ee7e6f7ec339822e3ec1a55dbd02729a1df3747308ebdd49905868,,506,120979
listed-building,72337bced0ee7e6f7ec339822e3ec1a55dbd02729a1df3747308ebdd49905868,,507,120980
listed-building,72337bced0ee7e6f7ec339822e3ec1a55dbd02729a1df3747308ebdd49905868,,508,
listed-building,72337bced0ee7e6f7ec339822e3ec1a55dbd02729a1df3747308ebdd49905868,,509,120985
listed-building,72337bced0ee7e6f7ec339822e3ec1a55dbd02729a1df3747308ebdd49905868,,510,120986
listed-building,72337bced0ee7e6f7ec339822e3ec1a55dbd02729a1df3747308ebdd49905868,,511,120987
listed-building,72337bced0ee7e6f7ec339822e3ec1a55dbd02729a1df3747308ebdd49905868,,512,120988
listed-building,72337bced0ee7e6f7ec339822e3ec1a55dbd02729a1df3747308ebdd49905868,,513,120989
listed-building,72337bced0ee7e6f7ec339822e3ec1a55dbd02729a1df3747308ebdd49905868,,514,120990
listed-building,72337bced0ee7e6f7ec339822e3ec1a55dbd02729a1df3747308ebdd49905868,,515,
listed-building,72337bced0ee7e6f7ec339822e3ec1a55dbd02729a1df3747308ebdd49905868,,516,120992
listed-building,72337bced0ee7e6f7ec339822e3ec1a55dbd02729a1df3747308ebdd49905868,,517,
listed-building,72337bced0ee7e6f7ec339822e3ec1a55dbd02729a1df3747308ebdd49905868,,518,120994
listed-building,72337bced0ee7e6f7ec339822e3ec1a55dbd02729a1df3747308ebdd49905868,,519,
listed-building,72337bced0ee7e6f7ec339822e3ec1a55dbd02729a1df3747308ebdd49905868,,520,120996
listed-building,72337bced0ee7e6f7ec339822e3ec1a55dbd02729a1df3747308ebdd49905868,,521,
listed-building,72337bced0ee7e6f7ec339822e3ec1a55dbd02729a1df3747308ebdd49905868,,522,120998
listed-building,72337bced0ee7e6f7ec339822e3ec1a55dbd02729a1df3747308ebdd49905868,,523,
listed-building,72337bced0ee7e6f7ec339822e3ec1a55dbd02729a1df3747308ebdd49905868,,524,396767
listed-building,72337bced0ee7e6f7ec339822e3ec1a55dbd02729a1df3747308ebdd49905868,,525,396783
listed-building,72337bced0ee7e6f7ec339822e3ec1a55dbd02729a1df3747308ebdd49905868,,526,
listed-building,72337bced0ee7e6f7ec339822e3ec1a55dbd02729a1df3747308ebdd49905868,,527,397009
listed-building,72337bced0ee7e6f7ec339822e3ec1a55dbd02729a1df3747308ebdd49905868,,528,397010
listed-building,72337bced0ee7e6f7ec339822e3ec1a55dbd02729a1df3747308ebdd49905868,,529,
listed-building,72337bced0ee7e6f7ec339822e3ec1a55dbd02729a1df3747308ebdd49905868,,530,121013
listed-building,72337bced0ee7e6f7ec339822e3ec1a55dbd02729a1df3747308ebdd49905868,,531,
listed-building,72337bced0ee7e6f7ec339822e3ec1a55dbd02729a1df3747308ebdd49905868,,532,105583
listed-building,72337bced0ee7e6f7ec339822e3ec1a55dbd02729a1df3747308ebdd49905868,,533,105584
listed-building,72337bced0ee7e6f7ec339822e3ec1a55dbd02729a1df3747308ebdd49905868,,534,105585
listed-building,72337bced0ee7e6f7ec339822e3ec1a55dbd02729a1df3747308ebdd49905868,,535,105586
listed-building,72337bced0ee7e6f7ec339822e3ec1a55dbd02729a1df3747308ebdd49905868,,536,105587
listed-building,72337bced0ee7e6f7ec339822e3ec1a55dbd02729a1df3747308ebdd49905868,,537,105588
listed-building,72337bced0ee7e6f7ec339822e3ec1a55dbd02729a1df3747308ebdd49905868,,538,105589
listed-building,72337bced0ee7e6f7ec339822e3ec1a55dbd02729a1df3747308ebdd49905868,,539,105591
listed-building,72337bced0ee7e6f7ec339822e3ec1a55dbd02729a1df3747308ebdd49905868,,540,105593
listed-building,72337bced0ee7e6f7ec339822e3ec1a55dbd02729a1df3747308ebdd49905868,,541,121015
listed-building,72337bced0ee7e6f7ec339822e3ec1a55dbd02729a1df3747308ebdd49905868,,542,121016
listed-building,72337bced0ee7e6f7ec339822e3ec1a55dbd02729a1df3747308ebdd49905868,,543,121017
listed-building,72337bced0ee7e6f7ec339822e3ec1a55dbd02729a1df3747308ebdd49905868,,544,121018
listed-building,72337bced0ee7e6f7ec339822e3ec1a55dbd02729a1df3747308ebdd49905868,,545,121019
listed-building,72337bced0ee7e6f7ec339822e3ec1a55dbd02729a1df3747308ebdd49905868,,546,155979
listed-building,72337bced0ee7e6f7ec339822e3ec1a55dbd02729a1df3747308ebdd49905868,,547,
listed-building,72337bced0ee7e6f7ec339822e3ec1a55dbd02729a1df3747308ebdd49905868,,548,
listed-building,72337bced0ee7e6f7ec339822e3ec1a55dbd02729a1df3747308ebdd49905868,,549,156016
listed-building,72337bced0ee7e6f7ec339822e3ec1a55dbd02729a1df3747308ebdd49905868,,550,156066
listed-building,72337bced0ee7e6f7ec339822e3ec1a55dbd02729a1df3747308ebdd49905868,,551,
listed-building,72337bced0ee7e6f7ec339822e3ec1a55dbd02729a1df3747308ebdd49905868,,552,156589
listed-building,72337bced0ee7e6f7ec339822e3ec1a55dbd02729a1df3747308ebdd49905868,,553,156612
listed-building,72337bced0ee7e6f7ec339822e3ec1a55dbd02729a1df3747308ebdd49905868,,554,156634
listed-building,72337bced0ee7e6f7ec339822e3ec1a55dbd02729a1df3747308ebdd49905868,,555,
listed-building,72337bced0ee7e6f7ec339822e3ec1a55dbd02729a1df3747308ebdd49905868,,556,156676
listed-building,72337bced0ee7e6f7ec339822e3ec1a55dbd02729a1df3747308ebdd49905868,,557,156783
listed-building,72337bced0ee7e6f7ec339822e3ec1a55dbd02729a1df3747308ebdd49905868,,558,240382
listed-building,72337bced0ee7e6f7ec339822e3ec1a55dbd02729a1df3747308ebdd49905868,,559,
listed-building,72337bced0ee7e6f7ec339822e3ec1a55dbd02729a1df3747308ebdd49905868,,560,240402
listed-building,72337bced0ee7e6f7ec339822e3ec1a55dbd02729a1df3747308ebdd49905868,,561,
listed-building,72337bced0ee7e6f7ec339822e3ec1a55dbd02729a1df3747308ebdd49905868,,562,121020
listed-building,72337bced0ee7e6f7ec339822e3ec1a55dbd02729a1df3747308ebdd49905868,,563,121021
listed-building,72337bced0ee7e6f7ec339822e3ec1a55dbd02729a1df3747308ebdd49905868,,564,121022
listed-building,72337bced0ee7e6f7ec339822e3ec1a55dbd02729a1df3747308ebdd49905868,,565,121023
listed-building,72337bced0ee7e6f7ec339822e3ec1a55dbd02729a1df3747308ebdd49905868,,566,
listed-building,72337bced0ee7e6f7ec339822e3ec1a55dbd02729a1df3747308ebdd49905868,,567,121025
listed-building,72337bced0ee7e6f7ec339822e3ec1a55dbd02729a1df3747308ebdd49905868,,568,
listed-building,72337bced0ee7e6f7ec339822e3ec1a55dbd02729a1df3747308ebdd49905868,,569,121028
listed-building,72337bced0ee7e6f7ec339822e3ec1a55dbd02729a1df3747308ebdd49905868,,570,121029
listed-building,72337bced0ee7e6f7ec339822e3ec1a55dbd02729a1df3747308ebdd49905868,,571,121030
listed-building,72337bced0ee7e6f7ec339822e3ec1a55dbd02729a1df3747308ebdd49905868,,572,
listed-building,72337bced0ee7e6f7ec339822e3ec1a55dbd02729a1df3747308ebdd49905868,,573,
listed-building,72337bced0ee7e6f7ec339822e3ec1a55dbd02729a1df3747308ebdd49905868,,574,121032
listed-building,72337bced0ee7e6f7ec339822e3ec1a55dbd02729a1df3747308ebdd49905868,,575,121033
listed-building,72337bced0ee7e6f7ec339822e3ec1a55dbd02729a1df3747308ebdd49905868,,576,121034
listed-building,72337bced0ee7e6f7ec339822e3ec1a55dbd02729a1df3747308ebdd49905868,,577,121036
listed-building,72337bced0ee7e6f7ec339822e3ec1a55dbd02729a1df3747308ebdd49905868,,578,121037
listed-building,72337bced0ee7e6f7ec339822e3ec1a55dbd02729a1df3747308ebdd49905868,,579,121038
listed-building,72337bced0ee7e6f7ec339822e3ec1a55dbd02729a1df3747308ebdd49905868,,580,121039
listed-building,72337bced0ee7e6f7ec339822e3ec1a55dbd02729a1df3747308ebdd49905868,,581,121040
listed-building,72337bced0ee7e6f7ec339822e3ec1a55dbd02729a1df3747308ebdd49905868,,582,121041
listed-building,72337bced0ee7e6f7ec339822e3ec1a55dbd02729a1df3747308ebdd49905868,,583,121042
listed-building,72337bced0ee7e6f7ec339822e3ec1a55dbd02729a1df3747308ebdd49905868,,584,121043
listed-building,72337bced0ee7e6f7ec339822e3ec1a55dbd02729a1df3747308ebdd49905868,,585,121044
listed-building,72337bced0ee7e6f7ec339822e3ec1a55dbd02729a1df3747308ebdd49905868,,586,121046
listed-building,72337bced0ee7e6f7ec339822e3ec1a55dbd02729a1df3747308ebdd49905868,,587,121011
listed-building,72337bced0ee7e6f7ec339822e3ec1a55dbd02729a1df3747308ebdd49905868,,588,
listed-building,72337bced0ee7e6f7ec339822e3ec1a55dbd02729a1df3747308ebdd49905868,,589,121052
listed-building,72337bced0ee7e6f7ec339822e3ec1a55dbd02729a1df3747308ebdd49905868,,590,121053
listed-building,72337bced0ee7e6f7ec339822e3ec1a55dbd02729a1df3747308ebdd49905868,,591,121054
listed-building,72337bced0ee7e6f7ec339822e3ec1a55dbd02729a1df3747308ebdd49905868,,592,121055
listed-building,72337bced0ee7e6f7ec339822e3ec1a55dbd02729a1df3747308ebdd49905868,,593,
listed-building,72337bced0ee7e6f7ec339822e3ec1a55dbd02729a1df3747308ebdd49905868,,594,
listed-building,72337bced0ee7e6f7ec339822e3ec1a55dbd02729a1df3747308ebdd49905868,,595,121058
listed-building,72337bced0ee7e6f7ec339822e3ec1a55dbd02729a1df3747308ebdd49905868,,596,121059
listed-building,72337bced0ee7e6f7ec339822e3ec1a55dbd02729a1df3747308ebdd49905868,,597,
listed-building,72337bced0ee7e6f7ec339822e3ec1a55dbd02729a1df3747308ebdd49905868,,598,121062
listed-building,72337bced0ee7e6f7ec339822e3ec1a55dbd02729a1df3747308ebdd49905868,,599,121063
listed-building,72337bced0ee7e6f7ec339822e3ec1a55dbd02729a1df3747308ebdd49905868,,600,121064
listed-building,72337bced0ee7e6f7ec339822e3ec1a55dbd02729a1df3747308ebdd49905868,,601,121065
listed-building,72337bced0ee7e6f7ec339822e3ec1a55dbd02729a1df3747308ebdd49905868,,602,
listed-building,72337bced0ee7e6f7ec339822e3ec1a55dbd02729a1df3747308ebdd49905868,,603,121068
listed-building,72337bced0ee7e6f7ec339822e3ec1a55dbd02729a1df3747308ebdd49905868,,604,121069
listed-building,72337bced0ee7e6f7ec339822e3ec1a55dbd02729a1df3747308ebdd49905868,,605,121537
listed-building,72337bced0ee7e6f7ec339822e3ec1a55dbd02729a1df3747308ebdd49905868,,606,121538
listed-building,72337bced0ee7e6f7ec339822e3ec1a55dbd02729a1df3747308ebdd49905868,,607,121540
listed-building,72337bced0ee7e6f7ec339822e3ec1a55dbd02729a1df3747308ebdd49905868,,608,121541
listed-building,72337bced0ee7e6f7ec339822e3ec1a55dbd02729a1df3747308ebdd49905868,,609,
listed-building,72337bced0ee7e6f7ec339822e3ec1a55dbd02729a1df3747308ebdd49905868,,610,121543
listed-building,72337bced0ee7e6f7ec339822e3ec1a55dbd02729a1df3747308ebdd49905868,,611,
listed-building,72337bced0ee7e6f7ec339822e3ec1a55dbd02729a1df3747308ebdd49905868,,612,121545
listed-building,72337bced0ee7e6f7ec339822e3ec1a55dbd02729a1df3747308ebdd49905868,,613,
listed-building,72337bced0ee7e6f7ec339822e3ec1a55dbd02729a1df3747308ebdd49905868,,614,
listed-building,72337bced0ee7e6f7ec339822e3ec1a55dbd02729a1df3747308ebdd49905868,,615,
listed-building,72337bced0ee7e6f7ec339822e3ec1a55dbd02729a1df3747308ebdd49905868,,616,
listed-building,72337bced0ee7e6f7ec339822e3ec1a55dbd02729a1df3747308ebdd49905868,,617,121551
listed-building,72337bced0ee7e6f7ec339822e3ec1a55dbd02729a1df3747308ebdd49905868,,618,121552
listed-building,72337bced0ee7e6f7ec339822e3ec1a55dbd02729a1df3747308ebdd49905868,,619,121553
listed-building,72337bced0ee7e6f7ec339822e3ec1a55dbd02729a1df3747308ebdd49905868,,620,121554
listed-building,72337bced0ee7e6f7ec339822e3ec1a55dbd02729a1df3747308ebdd49905868,,621,121556
listed-building,72337bced0ee7e6f7ec339822e3ec1a55dbd02729a1df3747308ebdd49905868,,622,121558
listed-building,72337bced0ee7e6f7ec339822e3ec1a55dbd02729a1df3747308ebdd49905868,,623,121559
listed-building,72337bced0ee7e6f7ec339822e3ec1a55dbd02729a1df3747308ebdd49905868,,624,121560
listed-building,72337bced0ee7e6f7ec339822e3ec1a55dbd02729a1df3747308ebdd49905868,,625,162145
listed-building,72337bced0ee7e6f7ec339822e3ec1a55dbd02729a1df3747308ebdd49905868,,626,105608
listed-building,72337bced0ee7e6f7ec339822e3ec1a55dbd02729a1df3747308ebdd49905868,,627,151181
listed-building,72337bced0ee7e6f7ec339822e3ec1a55dbd02729a1df3747308ebdd49905868,,628,152080
listed-building,72337bced0ee7e6f7ec339822e3ec1a55dbd02729a1df3747308ebdd49905868,,629,152087
listed-building,72337bced0ee7e6f7ec339822e3ec1a55dbd02729a1df3747308ebdd49905868,,630,155891
listed-building,72337bced0ee7e6f7ec339822e3ec1a55dbd02729a1df3747308ebdd49905868,,631,155905
listed-building,72337bced0ee7e6f7ec339822e3ec1a55dbd02729a1df3747308ebdd49905868,,632,155935
listed-building,72337bced0ee7e6f7ec339822e3ec1a55dbd02729a1df3747308ebdd49905868,,633,155946
listed-building,72337bced0ee7e6f7ec339822e3ec1a55dbd02729a1df3747308ebdd49905868,,634,155953
listed-building,72337bced0ee7e6f7ec339822e3ec1a55dbd02729a1df3747308ebdd49905868,,635,155959
listed-building,72337bced0ee7e6f7ec339822e3ec1a55dbd02729a1df3747308ebdd49905868,,636,397115
listed-building,72337bced0ee7e6f7ec339822e3ec1a55dbd02729a1df3747308ebdd49905868,,637,396740
listed-building,72337bced0ee7e6f7ec339822e3ec1a55dbd02729a1df3747308ebdd49905868,,638,224437
listed-building,72337bced0ee7e6f7ec339822e3ec1a55dbd02729a1df3747308ebdd49905868,,639,120908
listed-building,72337bced0ee7e6f7ec339822e3ec1a55dbd02729a1df3747308ebdd49905868,,640,
listed-building,72337bced0ee7e6f7ec339822e3ec1a55dbd02729a1df3747308ebdd49905868,,641,120910
listed-building,72337bced0ee7e6f7ec339822e3ec1a55dbd02729a1df3747308ebdd49905868,,642,120911
listed-building,72337bced0ee7e6f7ec339822e3ec1a55dbd02729a1df3747308ebdd49905868,,643,121562
listed-building,72337bced0ee7e6f7ec339822e3ec1a55dbd02729a1df3747308ebdd49905868,,644,
listed-building,72337bced0ee7e6f7ec339822e3ec1a55dbd02729a1df3747308ebdd49905868,,645,121564
listed-building,72337bced0ee7e6f7ec339822e3ec1a55dbd02729a1df3747308ebdd49905868,,646,121565
listed-building,72337bced0ee7e6f7ec339822e3ec1a55dbd02729a1df3747308ebdd49905868,,647,121566
listed-building,72337bced0ee7e6f7ec339822e3ec1a55dbd02729a1df3747308ebdd49905868,,648,121567
listed-building,72337bced0ee7e6f7ec339822e3ec1a55dbd02729a1df3747308ebdd49905868,,649,121568
listed-building,72337bced0ee7e6f7ec339822e3ec1a55dbd02729a1df3747308ebdd49905868,,650,121569
listed-building,72337bced0ee7e6f7ec339822e3ec1a55dbd02729a1df3747308ebdd49905868,,651,105547
listed-building,72337bced0ee7e6f7ec339822e3ec1a55dbd02729a1df3747308ebdd49905868,,652,105548
listed-building,72337bced0ee7e6f7ec339822e3ec1a55dbd02729a1df3747308ebdd49905868,,653,
listed-building,72337bced0ee7e6f7ec339822e3ec1a55dbd02729a1df3747308ebdd49905868,,654,
listed-building,72337bced0ee7e6f7ec339822e3ec1a55dbd02729a1df3747308ebdd49905868,,655,105549
listed-building,72337bced0ee7e6f7ec339822e3ec1a55dbd02729a1df3747308ebdd49905868,,656,105551
listed-building,72337bced0ee7e6f7ec339822e3ec1a55dbd02729a1df3747308ebdd49905868,,657,105552
listed-building,72337bced0ee7e6f7ec339822e3ec1a55dbd02729a1df3747308ebdd49905868,,658,105553
listed-building,72337bced0ee7e6f7ec339822e3ec1a55dbd02729a1df3747308ebdd49905868,,659,105554
listed-building,72337bced0ee7e6f7ec339822e3ec1a55dbd02729a1df3747308ebdd49905868,,660,
listed-building,72337bced0ee7e6f7ec339822e3ec1a55dbd02729a1df3747308ebdd49905868,,661,105556
listed-building,72337bced0ee7e6f7ec339822e3ec1a55dbd02729a1df3747308ebdd49905868,,662,105557
listed-building,72337bced0ee7e6f7ec339822e3ec1a55dbd02729a1df3747308ebdd49905868,,663,105559
listed-building,72337bced0ee7e6f7ec339822e3ec1a55dbd02729a1df3747308ebdd49905868,,664,
listed-building,72337bced0ee7e6f7ec339822e3ec1a55dbd02729a1df3747308ebdd49905868,,665,105561
listed-building,72337bced0ee7e6f7ec339822e3ec1a55dbd02729a1df3747308ebdd49905868,,666,105562
listed-building,72337bced0ee7e6f7ec339822e3ec1a55dbd02729a1df3747308ebdd49905868,,667,105563
listed-building,72337bced0ee7e6f7ec339822e3ec1a55dbd02729a1df3747308ebdd49905868,,668,105564
listed-building,72337bced0ee7e6f7ec339822e3ec1a55dbd02729a1df3747308ebdd49905868,,669,105565
listed-building,72337bced0ee7e6f7ec339822e3ec1a55dbd02729a1df3747308ebdd49905868,,670,120912
listed-building,72337bced0ee7e6f7ec339822e3ec1a55dbd02729a1df3747308ebdd49905868,,671,120913
listed-building,72337bced0ee7e6f7ec339822e3ec1a55dbd02729a1df3747308ebdd49905868,,672,120914
listed-building,72337bced0ee7e6f7ec339822e3ec1a55dbd02729a1df3747308ebdd49905868,,673,120915
listed-building,72337bced0ee7e6f7ec339822e3ec1a55dbd02729a1df3747308ebdd49905868,,674,
listed-building,72337bced0ee7e6f7ec339822e3ec1a55dbd02729a1df3747308ebdd49905868,,675,
listed-building,72337bced0ee7e6f7ec339822e3ec1a55dbd02729a1df3747308ebdd49905868,,676,120918
listed-building,72337bced0ee7e6f7ec339822e3ec1a55dbd02729a1df3747308ebdd49905868,,677,120919
listed-building,72337bced0ee7e6f7ec339822e3ec1a55dbd02729a1df3747308ebdd49905868,,678,
listed-building,72337bced0ee7e6f7ec339822e3ec1a55dbd02729a1df3747308ebdd49905868,,679,120921
listed-building,72337bced0ee7e6f7ec339822e3ec1a55dbd02729a1df3747308ebdd49905868,,680,120922
listed-building,72337bced0ee7e6f7ec339822e3ec1a55dbd02729a1df3747308ebdd49905868,,681,120923
listed-building,72337bced0ee7e6f7ec339822e3ec1a55dbd02729a1df3747308ebdd49905868,,682,120924
listed-building,72337bced0ee7e6f7ec339822e3ec1a55dbd02729a1df3747308ebdd49905868,,683,120925
listed-building,72337bced0ee7e6f7ec339822e3ec1a55dbd02729a1df3747308ebdd49905868,,684,439453
listed-building,72337bced0ee7e6f7ec339822e3ec1a55dbd02729a1df3747308ebdd49905868,,685,397091
listed-building,72337bced0ee7e6f7ec339822e3ec1a55dbd02729a1df3747308ebdd49905868,,686,120926
listed-building,72337bced0ee7e6f7ec339822e3ec1a55dbd02729a1df3747308ebdd49905868,,687,120927
listed-building,72337bced0ee7e6f7ec339822e3ec1a55dbd02729a1df3747308ebdd49905868,,688,120929
listed-building,72337bced0ee7e6f7ec339822e3ec1a55dbd02729a1df3747308ebdd49905868,,689,
listed-building,72337bced0ee7e6f7ec339822e3ec1a55dbd02729a1df3747308ebdd49905868,,690,105573
listed-building,72337bced0ee7e6f7ec339822e3ec1a55dbd02729a1df3747308ebdd49905868,,691,105576
listed-building,72337bced0ee7e6f7ec339822e3ec1a55dbd02729a1df3747308ebdd49905868,,692,105577
listed-building,72337bced0ee7e6f7ec339822e3ec1a55dbd02729a1df3747308ebdd49905868,,693,105578
listed-building,72337bced0ee7e6f7ec339822e3ec1a55dbd02729a1df3747308ebdd49905868,,694,105579
listed-building,72337bced0ee7e6f7ec339822e3ec1a55dbd02729a1df3747308ebdd49905868,,695,105580
listed-building,72337bced0ee7e6f7ec339822e3ec1a55dbd02729a1df3747308ebdd49905868,,696,
listed-building,72337bced0ee7e6f7ec339822e3ec1a55dbd02729a1df3747308ebdd49905868,,697,120865
listed-building,72337bced0ee7e6f7ec339822e3ec1a55dbd02729a1df3747308ebdd49905868,,698,120868
listed-building,72337bced0ee7e6f7ec339822e3ec1a55dbd02729a1df3747308ebdd49905868,,699,120869
listed-building,72337bced0ee7e6f7ec339822e3ec1a55dbd02729a1df3747308ebdd49905868,,700,
listed-building,72337bced0ee7e6f7ec339822e3ec1a55dbd02729a1df3747308ebdd49905868,,701,
listed-building,72337bced0ee7e6f7ec339822e3ec1a55dbd02729a1df3747308ebdd49905868,,702,120885
listed-building,72337bced0ee7e6f7ec339822e3ec1a55dbd02729a1df3747308ebdd49905868,,703,102025
listed-building,72337bced0ee7e6f7ec339822e3ec1a55dbd02729a1df3747308ebdd49905868,,704,
listed-building,72337bced0ee7e6f7ec339822e3ec1a55dbd02729a1df3747308ebdd49905868,,705,
listed-building,72337bced0ee7e6f7ec339822e3ec1a55dbd02729a1df3747308ebdd49905868,,706,120876
listed-building,72337bced0ee7e6f7ec339822e3ec1a55dbd02729a1df3747308ebdd49905868,,707,120882
listed-building,72337bced0ee7e6f7ec339822e3ec1a55dbd02729a1df3747308ebdd49905868,,708,
listed-building,72337bced0ee7e6f7ec339822e3ec1a55dbd02729a1df3747308ebdd49905868,,709,
listed-building,72337bced0ee7e6f7ec339822e3ec1a55dbd02729a1df3747308ebdd49905868,,710,120956
listed-building,72337bced0ee7e6f7ec339822e3ec1a55dbd02729a1df3747308ebdd49905868,,711,105582
listed-building,72337bced0ee7e6f7ec339822e3ec1a55dbd02729a1df3747308ebdd49905868,,712,104545
listed-building,72337bced0ee7e6f7ec339822e3ec1a55dbd02729a1df3747308ebdd49905868,,713,120866
listed-building,72337bced0ee7e6f7ec339822e3ec1a55dbd02729a1df3747308ebdd49905868,,714,121061
listed-building,72337bced0ee7e6f7ec339822e3ec1a55dbd02729a1df3747308ebdd49905868,,715,121027
listed-building,72337bced0ee7e6f7ec339822e3ec1a55dbd02729a1df3747308ebdd49905868,,716,430952
listed-building,72337bced0ee7e6f7ec339822e3ec1a55dbd02729a1df3747308ebdd49905868,,717,121561
listed-building,72337bced0ee7e6f7ec339822e3ec1a55dbd02729a1df3747308ebdd49905868,,718,121035
listed-building,72337bced0ee7e6f7ec339822e3ec1a55dbd02729a1df3747308ebdd49905868,,719,435335
listed-building,72337bced0ee7e6f7ec339822e3ec1a55dbd02729a1df3747308ebdd49905868,,720,429414
listed-building,72337bced0ee7e6f7ec339822e3ec1a55dbd02729a1df3747308ebdd49905868,,721,289468
listed-building,72337bced0ee7e6f7ec339822e3ec1a55dbd02729a1df3747308ebdd49905868,,722,105616
listed-building,72337bced0ee7e6f7ec339822e3ec1a55dbd02729a1df3747308ebdd49905868,,723,396744
listed-building,72337bced0ee7e6f7ec339822e3ec1a55dbd02729a1df3747308ebdd49905868,,724,121536
listed-building,72337bced0ee7e6f7ec339822e3ec1a55dbd02729a1df3747308ebdd49905868,,725,120895
listed-building,72337bced0ee7e6f7ec339822e3ec1a55dbd02729a1df3747308ebdd49905868,,726,105566
listed-building,72337bced0ee7e6f7ec339822e3ec1a55dbd02729a1df3747308ebdd49905868,,727,120946
listed-building,72337bced0ee7e6f7ec339822e3ec1a55dbd02729a1df3747308ebdd49905868,,728,
listed-building,72337bced0ee7e6f7ec339822e3ec1a55dbd02729a1df3747308ebdd49905868,,729,396719
listed-building,72337bced0ee7e6f7ec339822e3ec1a55dbd02729a1df3747308ebdd49905868,,730,156572
listed-building,72337bced0ee7e6f7ec339822e3ec1a55dbd02729a1df3747308ebdd49905868,,731,105677
listed-building,72337bced0ee7e6f7ec339822e3ec1a55dbd02729a1df3747308ebdd49905868,,732,140742
listed-building,72337bced0ee7e6f7ec339822e3ec1a55dbd02729a1df3747308ebdd49905868,,733,105674
listed-building,72337bced0ee7e6f7ec339822e3ec1a55dbd02729a1df3747308ebdd49905868,,734,121539
listed-building,72337bced0ee7e6f7ec339822e3ec1a55dbd02729a1df3747308ebdd49905868,,735,105634
listed-building,72337bced0ee7e6f7ec339822e3ec1a55dbd02729a1df3747308ebdd49905868,,736,120928
listed-building,72337bced0ee7e6f7ec339822e3ec1a55dbd02729a1df3747308ebdd49905868,,737,289380
listed-building,72337bced0ee7e6f7ec339822e3ec1a55dbd02729a1df3747308ebdd49905868,,738,
listed-building,72337bced0ee7e6f7ec339822e3ec1a55dbd02729a1df3747308ebdd49905868,,739,424851
listed-building,72337bced0ee7e6f7ec339822e3ec1a55dbd02729a1df3747308ebdd49905868,,740,
listed-building,72337bced0ee7e6f7ec339822e3ec1a55dbd02729a1df3747308ebdd49905868,,741,424850
listed-building,72337bced0ee7e6f7ec339822e3ec1a55dbd02729a1df3747308ebdd49905868,,742,156322
listed-building,72337bced0ee7e6f7ec339822e3ec1a55dbd02729a1df3747308ebdd49905868,,743,
listed-building,72337bced0ee7e6f7ec339822e3ec1a55dbd02729a1df3747308ebdd49905868,,744,
listed-building,72337bced0ee7e6f7ec339822e3ec1a55dbd02729a1df3747308ebdd49905868,,745,224495
listed-building,72337bced0ee7e6f7ec339822e3ec1a55dbd02729a1df3747308ebdd49905868,,746,
listed-building,72337bced0ee7e6f7ec339822e3ec1a55dbd02729a1df3747308ebdd49905868,,747,121000
listed-building,72337bced0ee7e6f7ec339822e3ec1a55dbd02729a1df3747308ebdd49905868,,748,121001
listed-building,72337bced0ee7e6f7ec339822e3ec1a55dbd02729a1df3747308ebdd49905868,,749,121002
listed-building,72337bced0ee7e6f7ec339822e3ec1a55dbd02729a1df3747308ebdd49905868,,750,121003
listed-building,72337bced0ee7e6f7ec339822e3ec1a55dbd02729a1df3747308ebdd49905868,,751,121004
listed-building,72337bced0ee7e6f7ec339822e3ec1a55dbd02729a1df3747308ebdd49905868,,752,121005
listed-building,72337bced0ee7e6f7ec339822e3ec1a55dbd02729a1df3747308ebdd49905868,,753,121006
listed-building,72337bced0ee7e6f7ec339822e3ec1a55dbd02729a1df3747308ebdd49905868,,754,121007
listed-building,72337bced0ee7e6f7ec339822e3ec1a55dbd02729a1df3747308ebdd49905868,,755,
listed-building,72337bced0ee7e6f7ec339822e3ec1a55dbd02729a1df3747308ebdd49905868,,756,121009
listed-building,72337bced0ee7e6f7ec339822e3ec1a55dbd02729a1df3747308ebdd49905868,,757,121010
listed-building,72337bced0ee7e6f7ec339822e3ec1a55dbd02729a1df3747308ebdd49905868,,758,
listed-building,72337bced0ee7e6f7ec339822e3ec1a55dbd02729a1df3747308ebdd49905868,,759,121012
listed-building,72337bced0ee7e6f7ec339822e3ec1a55dbd02729a1df3747308ebdd49905868,,760,
listed-building,72337bced0ee7e6f7ec339822e3ec1a55dbd02729a1df3747308ebdd49905868,,761,223594
listed-building,72337bced0ee7e6f7ec339822e3ec1a55dbd02729a1df3747308ebdd49905868,,762,223605
listed-building,72337bced0ee7e6f7ec339822e3ec1a55dbd02729a1df3747308ebdd49905868,,763,223619
listed-building,72337bced0ee7e6f7ec339822e3ec1a55dbd02729a1df3747308ebdd49905868,,764,223629
listed-building,72337bced0ee7e6f7ec339822e3ec1a55dbd02729a1df3747308ebdd49905868,,765,223633
listed-building,72337bced0ee7e6f7ec339822e3ec1a55dbd02729a1df3747308ebdd49905868,,766,223789
listed-building,72337bced0ee7e6f7ec339822e3ec1a55dbd02729a1df3747308ebdd49905868,,767,224010
listed-building,72337bced0ee7e6f7ec339822e3ec1a55dbd02729a1df3747308ebdd49905868,,768,224028
listed-building,72337bced0ee7e6f7ec339822e3ec1a55dbd02729a1df3747308ebdd49905868,,769,224080
listed-building,72337bced0ee7e6f7ec339822e3ec1a55dbd02729a1df3747308ebdd49905868,,770,224098
listed-building,72337bced0ee7e6f7ec339822e3ec1a55dbd02729a1df3747308ebdd49905868,,771,224157
listed-building,72337bced0ee7e6f7ec339822e3ec1a55dbd02729a1df3747308ebdd49905868,,772,224406
listed-building,72337bced0ee7e6f7ec339822e3ec1a55dbd02729a1df3747308ebdd49905868,,773,224420
listed-building,72337bced0ee7e6f7ec339822e3ec1a55dbd02729a1df3747308ebdd49905868,,774,224454
listed-building,72337bced0ee7e6f7ec339822e3ec1a55dbd02729a1df3747308ebdd49905868,,775,
listed-building,72337bced0ee7e6f7ec339822e3ec1a55dbd02729a1df3747308ebdd49905868,,776,224697
listed-building,72337bced0ee7e6f7ec339822e3ec1a55dbd02729a1df3747308ebdd49905868,,777,
listed-building,72337bced0ee7e6f7ec339822e3ec1a55dbd02729a1df3747308ebdd49905868,,778,
listed-building,72337bced0ee7e6f7ec339822e3ec1a55dbd02729a1df3747308ebdd49905868,,779,105592
listed-building,72337bced0ee7e6f7ec339822e3ec1a55dbd02729a1df3747308ebdd49905868,,780,121045
listed-building,72337bced0ee7e6f7ec339822e3ec1a55dbd02729a1df3747308ebdd49905868,,781,431353
listed-building,72337bced0ee7e6f7ec339822e3ec1a55dbd02729a1df3747308ebdd49905868,,782,431352
listed-building,72337bced0ee7e6f7ec339822e3ec1a55dbd02729a1df3747308ebdd49905868,,783,
listed-building,72337bced0ee7e6f7ec339822e3ec1a55dbd02729a1df3747308ebdd49905868,,784,
listed-building,72337bced0ee7e6f7ec339822e3ec1a55dbd02729a1df3747308ebdd49905868,,785,105574
listed-building,72337bced0ee7e6f7ec339822e3ec1a55dbd02729a1df3747308ebdd49905868,,786,120898
listed-building,72337bced0ee7e6f7ec339822e3ec1a55dbd02729a1df3747308ebdd49905868,,787,431506
listed-building,72337bced0ee7e6f7ec339822e3ec1a55dbd02729a1df3747308ebdd49905868,,788,377461
listed-building,72337bced0ee7e6f7ec339822e3ec1a55dbd02729a1df3747308ebdd49905868,,789,109442
listed-building,72337bced0ee7e6f7ec339822e3ec1a55dbd02729a1df3747308ebdd49905868,,790,290711
listed-building,72337bced0ee7e6f7ec339822e3ec1a55dbd02729a1df3747308ebdd49905868,,791,441114
listed-building,72337bced0ee7e6f7ec339822e3ec1a55dbd02729a1df3747308ebdd49905868,,792,
listed-building,72337bced0ee7e6f7ec339822e3ec1a55dbd02729a1df3747308ebdd49905868,,793,
listed-building,72337bced0ee7e6f7ec339822e3ec1a55dbd02729a1df3747308ebdd49905868,,794,
listed-building,72337bced0ee7e6f7ec339822e3ec1a55dbd02729a1df3747308ebdd49905868,,795,
listed-building,72337bced0ee7e6f7ec339822e3ec1a55dbd02729a1df3747308ebdd49905868,,796,
listed-building,72337bced0ee7e6f7ec339822e3ec1a55dbd02729a1df3747308ebdd49905868,,797,240389
listed-building,72337bced0ee7e6f7ec339822e3ec1a55dbd02729a1df3747308ebdd49905868,,798,
listed-building,72337bced0ee7e6f7ec339822e3ec1a55dbd02729a1df3747308ebdd49905868,,799,224856
listed-building,72337bced0ee7e6f7ec339822e3ec1a55dbd02729a1df3747308ebdd49905868,,800,224867
listed-building,72337bced0ee7e6f7ec339822e3ec1a55dbd02729a1df3747308ebdd49905868,,801,225007
listed-building,72337bced0ee7e6f7ec339822e3ec1a55dbd02729a1df3747308ebdd49905868,,802,225042
listed-building,72337bced0ee7e6f7ec339822e3ec1a55dbd02729a1df3747308ebdd49905868,,803,225050
listed-building,72337bced0ee7e6f7ec339822e3ec1a55dbd02729a1df3747308ebdd49905868,,804,225135
listed-building,72337bced0ee7e6f7ec339822e3ec1a55dbd02729a1df3747308ebdd49905868,,805,120946
listed-building,72337bced0ee7e6f7ec339822e3ec1a55dbd02729a1df3747308ebdd49905868,,806,225246
listed-building,72337bced0ee7e6f7ec339822e3ec1a55dbd02729a1df3747308ebdd49905868,,807,225343
listed-building,72337bced0ee7e6f7ec339822e3ec1a55dbd02729a1df3747308ebdd49905868,,808,
listed-building,72337bced0ee7e6f7ec339822e3ec1a55dbd02729a1df3747308ebdd49905868,,809,225389
listed-building,72337bced0ee7e6f7ec339822e3ec1a55dbd02729a1df3747308ebdd49905868,,810,225393
listed-building,72337bced0ee7e6f7ec339822e3ec1a55dbd02729a1df3747308ebdd49905868,,811,225411
listed-building,72337bced0ee7e6f7ec339822e3ec1a55dbd02729a1df3747308ebdd49905868,,812,225557
listed-building,72337bced0ee7e6f7ec339822e3ec1a55dbd02729a1df3747308ebdd49905868,,813,
listed-building,72337bced0ee7e6f7ec339822e3ec1a55dbd02729a1df3747308ebdd49905868,,814,225584
listed-building,72337bced0ee7e6f7ec339822e3ec1a55dbd02729a1df3747308ebdd49905868,,815,225602
listed-building,72337bced0ee7e6f7ec339822e3ec1a55dbd02729a1df3747308ebdd49905868,,816,225610
listed-building,72337bced0ee7e6f7ec339822e3ec1a55dbd02729a1df3747308ebdd49905868,,817,225671
listed-building,72337bced0ee7e6f7ec339822e3ec1a55dbd02729a1df3747308ebdd49905868,,818,225686
listed-building,72337bced0ee7e6f7ec339822e3ec1a55dbd02729a1df3747308ebdd49905868,,819,225817
listed-building,72337bced0ee7e6f7ec339822e3ec1a55dbd02729a1df3747308ebdd49905868,,820,225840
listed-building,72337bced0ee7e6f7ec339822e3ec1a55dbd02729a1df3747308ebdd49905868,,821,225869
listed-building,72337bced0ee7e6f7ec339822e3ec1a55dbd02729a1df3747308ebdd49905868,,822,225880
listed-building,72337bced0ee7e6f7ec339822e3ec1a55dbd02729a1df3747308ebdd49905868,,823,225913
listed-building,72337bced0ee7e6f7ec339822e3ec1a55dbd02729a1df3747308ebdd49905868,,824,289050
listed-building,72337bced0ee7e6f7ec339822e3ec1a55dbd02729a1df3747308ebdd49905868,,825,289101
listed-building,72337bced0ee7e6f7ec339822e3ec1a55dbd02729a1df3747308ebdd49905868,,826,289107
listed-building,72337bced0ee7e6f7ec339822e3ec1a55dbd02729a1df3747308ebdd49905868,,827,289108
listed-building,72337bced0ee7e6f7ec339822e3ec1a55dbd02729a1df3747308ebdd49905868,,828,289129
listed-building,72337bced0ee7e6f7ec339822e3ec1a55dbd02729a1df3747308ebdd49905868,,829,289130
listed-building,72337bced0ee7e6f7ec339822e3ec1a55dbd02729a1df3747308ebdd49905868,,830,
listed-building,72337bced0ee7e6f7ec339822e3ec1a55dbd02729a1df3747308ebdd49905868,,831,289351
listed-building,72337bced0ee7e6f7ec339822e3ec1a55dbd02729a1df3747308ebdd49905868,,832,310767
listed-building,72337bced0ee7e6f7ec339822e3ec1a55dbd02729a1df3747308ebdd49905868,,833,311670
listed-building,72337bced0ee7e6f7ec339822e3ec1a55dbd02729a1df3747308ebdd49905868,,834,289234
listed-building,72337bced0ee7e6f7ec339822e3ec1a55dbd02729a1df3747308ebdd49905868,,835,
listed-building,72337bced0ee7e6f7ec339822e3ec1a55dbd02729a1df3747308ebdd49905868,,836,224003
listed-building,72337bced0ee7e6f7ec339822e3ec1a55dbd02729a1df3747308ebdd49905868,,837,289392
listed-building,72337bced0ee7e6f7ec339822e3ec1a55dbd02729a1df3747308ebdd49905868,,838,289393
listed-building,72337bced0ee7e6f7ec339822e3ec1a55dbd02729a1df3747308ebdd49905868,,839,289418
listed-building,72337bced0ee7e6f7ec339822e3ec1a55dbd02729a1df3747308ebdd49905868,,840,289466
listed-building,72337bced0ee7e6f7ec339822e3ec1a55dbd02729a1df3747308ebdd49905868,,841,289469
listed-building,72337bced0ee7e6f7ec339822e3ec1a55dbd02729a1df3747308ebdd49905868,,842,289498
listed-building,72337bced0ee7e6f7ec339822e3ec1a55dbd02729a1df3747308ebdd49905868,,843,289509
listed-building,72337bced0ee7e6f7ec339822e3ec1a55dbd02729a1df3747308ebdd49905868,,844,289992
listed-building,72337bced0ee7e6f7ec339822e3ec1a55dbd02729a1df3747308ebdd49905868,,845,290710
listed-building,72337bced0ee7e6f7ec339822e3ec1a55dbd02729a1df3747308ebdd49905868,,846,
listed-building,72337bced0ee7e6f7ec339822e3ec1a55dbd02729a1df3747308ebdd49905868,,847,290808
listed-building,72337bced0ee7e6f7ec339822e3ec1a55dbd02729a1df3747308ebdd49905868,,848,290809
listed-building,72337bced0ee7e6f7ec339822e3ec1a55dbd02729a1df3747308ebdd49905868,,849,
listed-building,72337bced0ee7e6f7ec339822e3ec1a55dbd02729a1df3747308ebdd49905868,,850,284070
listed-building,72337bced0ee7e6f7ec339822e3ec1a55dbd02729a1df3747308ebdd49905868,,851,289233
listed-building,72337bced0ee7e6f7ec339822e3ec1a55dbd02729a1df3747308ebdd49905868,,852,311674
listed-building,72337bced0ee7e6f7ec339822e3ec1a55dbd02729a1df3747308ebdd49905868,,853,302258
listed-building,72337bced0ee7e6f7ec339822e3ec1a55dbd02729a1df3747308ebdd49905868,,854,286232
listed-building,72337bced0ee7e6f7ec339822e3ec1a55dbd02729a1df3747308ebdd49905868,,855,
listed-building,72337bced0ee7e6f7ec339822e3ec1a55dbd02729a1df3747308ebdd49905868,,856,
listed-building,72337bced0ee7e6f7ec339822e3ec1a55dbd02729a1df3747308ebdd49905868,,857,106340
listed-building,72337bced0ee7e6f7ec339822e3ec1a55dbd02729a1df3747308ebdd49905868,,858,
listed-building,72337bced0ee7e6f7ec339822e3ec1a55dbd02729a1df3747308ebdd49905868,,859,
listed-building,72337bced0ee7e6f7ec339822e3ec1a55dbd02729a1df3747308ebdd49905868,,860,105673
listed-building,72337bced0ee7e6f7ec339822e3ec1a55dbd02729a1df3747308ebdd49905868,,861,105650
listed-building,72337bced0ee7e6f7ec339822e3ec1a55dbd02729a1df3747308ebdd49905868,,862,105683
listed-building,72337bced0ee7e6f7ec339822e3ec1a55dbd02729a1df3747308ebdd49905868,,863,224242
listed-building,72337bced0ee7e6f7ec339822e3ec1a55dbd02729a1df3747308ebdd49905868,,864,224314
listed-building,72337bced0ee7e6f7ec339822e3ec1a55dbd02729a1df3747308ebdd49905868,,865,
listed-building,72337bced0ee7e6f7ec339822e3ec1a55dbd02729a1df3747308ebdd49905868,,866,
listed-building,72337bced0ee7e6f7ec339822e3ec1a55dbd02729a1df3747308ebdd49905868,,867,
listed-building,72337bced0ee7e6f7ec339822e3ec1a55dbd02729a1df3747308ebdd49905868,,868,161077
listed-building,72337bced0ee7e6f7ec339822e3ec1a55dbd02729a1df3747308ebdd49905868,,869,
listed-building,72337bced0ee7e6f7ec339822e3ec1a55dbd02729a1df3747308ebdd49905868,,870,
listed-building,72337bced0ee7e6f7ec339822e3ec1a55dbd02729a1df3747308ebdd49905868,,871,
listed-building,72337bced0ee7e6f7ec339822e3ec1a55dbd02729a1df3747308ebdd49905868,,872,432481
listed-building,72337bced0ee7e6f7ec339822e3ec1a55dbd02729a1df3747308ebdd49905868,,873,
listed-building,72337bced0ee7e6f7ec339822e3ec1a55dbd02729a1df3747308ebdd49905868,,874,105590
listed-building,72337bced0ee7e6f7ec339822e3ec1a55dbd02729a1df3747308ebdd49905868,,875,
listed-building,72337bced0ee7e6f7ec339822e3ec1a55dbd02729a1df3747308ebdd49905868,,876,
listed-building,72337bced0ee7e6f7ec339822e3ec1a55dbd02729a1df3747308ebdd49905868,,877,240450
listed-building,72337bced0ee7e6f7ec339822e3ec1a55dbd02729a1df3747308ebdd49905868,,878,240530
listed-building,72337bced0ee7e6f7ec339822e3ec1a55dbd02729a1df3747308ebdd49905868,,879,375971
listed-building,72337bced0ee7e6f7ec339822e3ec1a55dbd02729a1df3747308ebdd49905868,,880,339106
listed-building,72337bced0ee7e6f7ec339822e3ec1a55dbd02729a1df3747308ebdd49905868,,881,397083
listed-building,72337bced0ee7e6f7ec339822e3ec1a55dbd02729a1df3747308ebdd49905868,,882,
listed-building,72337bced0ee7e6f7ec339822e3ec1a55dbd02729a1df3747308ebdd49905868,,883,
listed-building,72337bced0ee7e6f7ec339822e3ec1a55dbd02729a1df3747308ebdd49905868,,884,338931
listed-building,72337bced0ee7e6f7ec339822e3ec1a55dbd02729a1df3747308ebdd49905868,,885,430165
listed-building,72337bced0ee7e6f7ec339822e3ec1a55dbd02729a1df3747308ebdd49905868,,886,415321
listed-building,72337bced0ee7e6f7ec339822e3ec1a55dbd02729a1df3747308ebdd49905868,,887,140291
listed-building,72337bced0ee7e6f7ec339822e3ec1a55dbd02729a1df3747308ebdd49905868,,888,
listed-building,72337bced0ee7e6f7ec339822e3ec1a55dbd02729a1df3747308ebdd49905868,,889,396718
listed-building,72337bced0ee7e6f7ec339822e3ec1a55dbd02729a1df3747308ebdd49905868,,890,121555
listed-building,72337bced0ee7e6f7ec339822e3ec1a55dbd02729a1df3747308ebdd49905868,,891,397071
listed-building,72337bced0ee7e6f7ec339822e3ec1a55dbd02729a1df3747308ebdd49905868,,892,109396
listed-building,72337bced0ee7e6f7ec339822e3ec1a55dbd02729a1df3747308ebdd49905868,,893,120944
listed-building,72337bced0ee7e6f7ec339822e3ec1a55dbd02729a1df3747308ebdd49905868,,894,377519
listed-building,72337bced0ee7e6f7ec339822e3ec1a55dbd02729a1df3747308ebdd49905868,,895,105558
listed-building,72337bced0ee7e6f7ec339822e3ec1a55dbd02729a1df3747308ebdd49905868,,896,302924
listed-building,72337bced0ee7e6f7ec339822e3ec1a55dbd02729a1df3747308ebdd49905868,,897,121067
listed-building,72337bced0ee7e6f7ec339822e3ec1a55dbd02729a1df3747308ebdd49905868,,898,397104
listed-building,72337bced0ee7e6f7ec339822e3ec1a55dbd02729a1df3747308ebdd49905868,,899,397113
listed-building,72337bced0ee7e6f7ec339822e3ec1a55dbd02729a1df3747308ebdd49905868,,900,436862
listed-building,72337bced0ee7e6f7ec339822e3ec1a55dbd02729a1df3747308ebdd49905868,,901,436689
listed-building,72337bced0ee7e6f7ec339822e3ec1a55dbd02729a1df3747308ebdd49905868,,902,437237
listed-building,72337bced0ee7e6f7ec339822e3ec1a55dbd02729a1df3747308ebdd49905868,,903,437304
listed-building,72337bced0ee7e6f7ec339822e3ec1a55dbd02729a1df3747308ebdd49905868,,904,437587
listed-building,72337bced0ee7e6f7ec339822e3ec1a55dbd02729a1df3747308ebdd49905868,,905,437599
listed-building,72337bced0ee7e6f7ec339822e3ec1a55dbd02729a1df3747308ebdd49905868,,906,
listed-building,72337bced0ee7e6f7ec339822e3ec1a55dbd02729a1df3747308ebdd49905868,,907,
listed-building,72337bced0ee7e6f7ec339822e3ec1a55dbd02729a1df3747308ebdd49905868,,908,437681
listed-building,72337bced0ee7e6f7ec339822e3ec1a55dbd02729a1df3747308ebdd49905868,,909,437685
listed-building,72337bced0ee7e6f7ec339822e3ec1a55dbd02729a1df3747308ebdd49905868,,910,
listed-building,72337bced0ee7e6f7ec339822e3ec1a55dbd02729a1df3747308ebdd49905868,,911,
listed-building,72337bced0ee7e6f7ec339822e3ec1a55dbd02729a1df3747308ebdd49905868,,912,437255
listed-building,72337bced0ee7e6f7ec339822e3ec1a55dbd02729a1df3747308ebdd49905868,,913,223269
listed-building,72337bced0ee7e6f7ec339822e3ec1a55dbd02729a1df3747308ebdd49905868,,914,
listed-building,72337bced0ee7e6f7ec339822e3ec1a55dbd02729a1df3747308ebdd49905868,,915,438003
listed-building,72337bced0ee7e6f7ec339822e3ec1a55dbd02729a1df3747308ebdd49905868,,916,105567
listed-building,72337bced0ee7e6f7ec339822e3ec1a55dbd02729a1df3747308ebdd49905868,,917,105568
listed-building,72337bced0ee7e6f7ec339822e3ec1a55dbd02729a1df3747308ebdd49905868,,918,105569
listed-building,72337bced0ee7e6f7ec339822e3ec1a55dbd02729a1df3747308ebdd49905868,,919,105570
listed-building,72337bced0ee7e6f7ec339822e3ec1a55dbd02729a1df3747308ebdd49905868,,920,105571
listed-building,72337bced0ee7e6f7ec339822e3ec1a55dbd02729a1df3747308ebdd49905868,,921,105572
listed-building,72337bced0ee7e6f7ec339822e3ec1a55dbd02729a1df3747308ebdd49905868,,922,
listed-building,72337bced0ee7e6f7ec339822e3ec1a55dbd02729a1df3747308ebdd49905868,,923,438187
listed-building,72337bced0ee7e6f7ec339822e3ec1a55dbd02729a1df3747308ebdd49905868,,924,
listed-building,72337bced0ee7e6f7ec339822e3ec1a55dbd02729a1df3747308ebdd49905868,,925,
listed-building,72337bced0ee7e6f7ec339822e3ec1a55dbd02729a1df3747308ebdd49905868,,926,
listed-building,72337bced0ee7e6f7ec339822e3ec1a55dbd02729a1df3747308ebdd49905868,,927,438859
listed-building,72337bced0ee7e6f7ec339822e3ec1a55dbd02729a1df3747308ebdd49905868,,928,
listed-building,72337bced0ee7e6f7ec339822e3ec1a55dbd02729a1df3747308ebdd49905868,,929,223277
listed-building,72337bced0ee7e6f7ec339822e3ec1a55dbd02729a1df3747308ebdd49905868,,930,223373
listed-building,72337bced0ee7e6f7ec339822e3ec1a55dbd02729a1df3747308ebdd49905868,,931,223385
listed-building,72337bced0ee7e6f7ec339822e3ec1a55dbd02729a1df3747308ebdd49905868,,932,223386
listed-building,72337bced0ee7e6f7ec339822e3ec1a55dbd02729a1df3747308ebdd49905868,,933,223390
listed-building,72337bced0ee7e6f7ec339822e3ec1a55dbd02729a1df3747308ebdd49905868,,934,223394
listed-building,72337bced0ee7e6f7ec339822e3ec1a55dbd02729a1df3747308ebdd49905868,,935,223398
listed-building,72337bced0ee7e6f7ec339822e3ec1a55dbd02729a1df3747308ebdd49905868,,936,223401
listed-building,72337bced0ee7e6f7ec339822e3ec1a55dbd02729a1df3747308ebdd49905868,,937,223415
listed-building,72337bced0ee7e6f7ec339822e3ec1a55dbd02729a1df3747308ebdd49905868,,938,223424
listed-building,72337bced0ee7e6f7ec339822e3ec1a55dbd02729a1df3747308ebdd49905868,,939,223454
listed-building,72337bced0ee7e6f7ec339822e3ec1a55dbd02729a1df3747308ebdd49905868,,940,438701
listed-building,72337bced0ee7e6f7ec339822e3ec1a55dbd02729a1df3747308ebdd49905868,,941,
listed-building,72337bced0ee7e6f7ec339822e3ec1a55dbd02729a1df3747308ebdd49905868,,942,
listed-building,72337bced0ee7e6f7ec339822e3ec1a55dbd02729a1df3747308ebdd49905868,,943,
listed-building,72337bced0ee7e6f7ec339822e3ec1a55dbd02729a1df3747308ebdd49905868,,944,
listed-building,72337bced0ee7e6f7ec339822e3ec1a55dbd02729a1df3747308ebdd49905868,,945,
listed-building,72337bced0ee7e6f7ec339822e3ec1a55dbd02729a1df3747308ebdd49905868,,946,441313
listed-building,72337bced0ee7e6f7ec339822e3ec1a55dbd02729a1df3747308ebdd49905868,,947,424592
